,Professor,num_ratings,prof_rat,prof_diff
0,Mustafa Abadan,0,0.0,0
1,Mikail Abbasov,0,0.0,0
2,Salam Abdus,10,2.5,1.9
3,Nidaa Aboulhosn,0,0.0,3
4,John Abowd,88,3.1,2.4
5,Hector Abruna,35,2.1,4
6,Dorit Abusch,11,2.0,3.5
7,Hom Acharya,0,0.0,0
8,Jayadev Acharya,3,4.0,3.3
9,Gerard Aching,1,4.0,3
10,Aaron Adalja,13,3.6,3
11,Aaron Adalja,13,3.6,3
12,Bert Adams-Kucik,0,0.0,0
13,Jawad Addoum,1,5.0,3
14,Leslie Adelson,3,5.0,3
15,Adeolu Ademoyo,5,4.1,1.2
16,Lee Adler,10,4.3,3
17,Nick Admussen,7,4.7,2.4
18,Ehsan Afshari,6,3.8,4.8
19,Jennifer Agans,8,1.2,3.4
20,Rachit Agarwal,22,3.1,3.9
21,Muna Aghawani,3,4.8,2.7
22,Anurag Agrawal,10,4.8,2.1
23,David Agruss,4,1.0,3.8
24,Marcelo  Aguiar,7,5.0,3.2
25,Fred Ahl,23,4.2,3.8
26,Sharon Ahlers,7,3.9,2.7
27,Nooshin Ahmadi,0,0.0,0
28,Chloe Ahmann,3,4.3,3
29,Andrew Ahn,1,4.0,3
30,Beth Ahner,3,4.2,2.3
31,Ifeoma Ajunwa,8,4.6,3.2
32,Eriko Akamatsu,0,0.0,0
33,Esra Akcan,0,0.0,0
34,Bilal Al-Omar,6,5.0,3
35,Jomarie Alano,1,5.0,3
36,John Albertson,0,0.0,0
37,David Albonesi,21,4.1,3
38,Ruben Alcolea,0,0.0,0
39,Jim Alexander,11,4.6,3.8
40,Terence Alexander,9,4.4,3
41,Annetta Alexandridis,10,2.7,4
42,Ti Alkire,18,4.5,2.5
43,Jeremy Allen,23,4.9,3.5
44,Lauren Alleyne,4,3.1,3.2
45,Rick Allmendinger,13,4.6,3.4
46,Warren Allmon,16,4.3,3.1
47,Shorna Allred,0,0.0,0
48,James Almy,6,2.9,3.5
49,Craig Altier,0,0.0,0
50,Glenn Altschuler,31,3.5,2.7
51,Steven Alvarado,1,2.0,3
52,Lorenzo Alvisi,25,2.3,4.3
53,Mike Amburgh,1,5.0,2
54,Silvia Amigo-Silvestre,25,3.7,3.7
55,Nandini Ananth,9,4.4,4.2
56,Sutee Anantsuksomsri,1,4.5,2
57,William Anderson,6,2.0,4.5
58,C. Lindsay Anderson,13,4.7,2.6
59,Christopher Anderson,1,4.5,3
60,Christopher Anderson,1,4.5,3
61,Adam Anderson,1,5.0,3
62,Benjamin Anderson,1,5.0,3
63,Nozomi Ando,1,5.0,3
64,Giulia Andreoni,1,5.0,2
65,Eleanor Andrews,2,3.0,3.4
66,Chris Andronicos,4,3.7,4
67,Kristen Angierski,6,4.5,2.7
68,Sarosh Anklesaria,0,0.0,0
69,Horakova Anna,2,5.0,2
70,James Antaki,1,2.0,3
71,Brad Anton,6,4.0,4
72,Tatiyana Apanasovich,11,3.2,3.4
73,Helena Aparicio,0,0.0,0
74,Ronald Appelgate,1,4.0,3
75,Catherine Appert,4,2.9,3.5
76,Ron Applegate,24,4.3,2.4
77,Judith Appleton,6,3.2,3.7
78,Alyssa Apsel,14,3.1,4.1
79,Chip Aquadro,9,4.2,2.8
80,Wilkins Aquino,2,3.5,3
81,Adam Arcadi,15,4.5,2.1
82,Teal Arcadi,0,0.0,0
83,Jason Archbold,1,1.0,2.5
84,Lynden Archer,10,3.5,3.9
85,Florencia Ardon,0,0.0,0
86,Tomas Arias,51,4.3,3.5
87,Diego Arias-Fuentes,8,5.0,2.7
88,William Arion,1,5.0,2
89,Ludmilla Aristilde,4,3.0,3.2
90,Jim Armstrong,6,4.2,3.7
91,Kacie Armstrong,1,5.0,3
92,Kathy  Arnink,7,3.4,1.7
93,Kathleen Arnink,2,4.5,1.5
94,Yoav Artzi,1,1.0,5
95,Michael Ashkin,2,4.8,1
96,Anum Asi,1,5.0,3
97,Esra Askan,0,0.0,0
98,N'Drie Assie-Lumumba,1,3.0,2
99,Dieter Ast,56,1.6,4.1
100,Tulay Atak,2,5.0,4
101,Emad Atiq,0,0.0,0
102,Kevin Attell,4,3.7,2.5
103,Toby Ault,6,4.2,1.7
104,Tom Avedisian,10,3.7,3
105,Rosemary Avery,53,3.7,4
106,Salman Avestimeh,4,2.0,3.5
107,Ariel Avgar,4,5.0,2.8
108,Lisa Avron,0,0.0,0
109,Yimon Aye,6,1.8,4.7
110,Phillip Ayoub,1,5.0,2
111,Iwan Azis,10,3.2,3.5
112,Christine Bacareza Balance,1,5.0,3
113,Sam Bacharach,3,4.3,1.7
114,Ewa Bachminska,3,4.0,2
115,Andrea Bachner,3,3.3,2
116,Allen Back,26,2.2,3.4
117,Matt Backus,2,5.0,3.5
118,Antje Baeumner,26,2.7,3.5
119,Mihai Bailesteanu,2,4.8,2.5
120,Graeme Bailey,78,3.8,3.8
121,Warren Bailey,2,4.5,3.5
122,Diane Bailey,1,3.0,2
123,Mark Bain,9,4.7,2.8
124,Timothy Baird,0,0.0,0
125,Tea Bajraktarevic,6,4.1,2
126,Shefford Baker,22,3.5,3.9
127,Owen Baker,3,3.0,3
128,Kavita Bala,2,3.3,2
129,Katia Balassiano,0,0.0,0
130,Susie Ball,1,5.0,1
131,Peter Ballman,0,0.0,0
132,Siddhartha Banerjee,3,2.0,3.7
133,Anindita Banerjee,14,3.8,2.5
134,Ed Baptist,16,4.1,3.4
135,Talia Bar,35,3.7,3.3
136,Michela Baraldi,23,4.8,1.7
137,Dan Barbasch,21,2.3,3.5
138,Daniel Barbash,9,3.1,4.6
139,Pat Barclay,5,4.9,2.6
140,Dana Bardolph,1,5.0,3
141,Laura Barre,4,3.7,4
142,Chris Barrett,26,4.7,2.9
143,Caitlin Barrett,8,4.7,2.6
144,Andy Barrientos-Gomez,1,4.0,3
145,Joeva Barrow,0,0.0,3
146,Levon Barseghyan,44,4.0,2.3
147,Estela Bartol Martín,3,5.0,3.7
148,James Bartsch,10,4.6,2
149,Panle Barwick,1,1.0,3
150,John Barwick,5,3.2,4.6
151,Jeremy Baskin,1,5.0,4
152,Andrew Bass,9,3.9,2.7
153,Ernesto Bassi,4,4.0,2.8
154,Kaushik Basu,30,4.0,3
155,Arnab Basu,9,4.2,4.1
156,Alaka Basu,12,3.5,2.8
157,David Bateman,7,4.4,3.4
158,Carl Batt,6,2.6,2.7
159,Rosemary Batt,10,4.6,3.1
160,Nick Battaglia,0,0.0,0
161,Marco Battaglini,1,4.0,3
162,Christopher Batten,13,5.0,3.4
163,Kora Battig Von Wittelsbach,59,4.0,3.4
164,Roger Battistella,7,3.4,2.3
165,Taryn Bauerle,11,4.0,3.3
166,Sherene Baugher,21,4.5,3
167,Fatma Baytar,1,3.0,4
168,Ivan Bazarov,8,3.0,4.4
169,Natalie Bazarova,3,3.3,3.7
170,Rachel Bean,3,4.2,2.7
171,Victoria Beard,6,2.4,3.1
172,Diane Beckwith,1,5.0,3
173,Barbara Bedford,5,5.0,2.4
174,Penny Beebe,5,3.5,3.2
175,Lauren Beeley,1,5.0,2
176,Zeshawn Beg,8,3.5,3.3
177,Jennifer Begakis,0,0.0,2
178,Tadhg Begley,8,3.3,4
179,Adele Bekerie,10,2.9,1.7
180,David Belanger,1,5.0,2
181,Elena Belavina,7,2.7,2.8
182,John Belina,28,4.6,2.7
183,James Belk,3,5.0,3.5
184,Alan Bell,15,4.4,3.1
185,Elena  Belogolovsky,10,3.5,2.1
186,Michele Belot,0,0.0,0
187,Daryl Bem,20,3.7,3.1
188,J Bemstock,2,2.5,4
189,David Ben Daniel,2,4.8,2
190,Alexander Bendikov,0,0.0,0
191,Adam Bendorf,1,5.0,4
192,Daniel Benjamin,8,4.8,2.5
193,Karen Bennett,18,4.6,2.9
194,Nolan Bennett,3,5.0,3
195,Steve Bennoun,7,1.0,4.6
196,Richard Bensel,8,4.2,2.5
197,Austin Benson,1,5.0,4
198,Antonio Bento,0,0.0,0
199,Christopher Berardino,10,4.5,2.7
200,Yuri Berest,28,2.8,3.1
201,Mabel Berezin,21,3.2,2.3
202,Anne Berger,4,4.6,2.8
203,Jane Berger,5,3.6,2
204,Jeffrey Bergfalk,5,4.4,2.6
205,Elizabeth Berliner,0,0.0,0
206,Judy Bernstock,27,3.8,2.3
207,Daniel Berry,6,3.2,2.9
208,Jim Berry,9,3.7,2.8
209,Anna Bertiger,3,1.0,4.3
210,Roberto Bertoia,11,3.5,3.5
211,Gregory Besharov,39,3.2,3.6
212,Marya Besharov,6,4.3,1.7
213,Sarah Besky,3,3.3,4.5
214,Tomas Bevia,19,4.5,3.6
215,Monica Bevia,17,4.8,2.8
216,Klaus Beyenbach,3,4.7,2.7
217,Rachel Bezner Kerr,2,3.5,2.5
218,Tapomayukh Bhattacharjee,0,0.0,0
219,Bhaswati Bhattacharya,1,5.0,4
220,Sunil Bhave,8,3.6,2.5
221,Sanjeev Bhoraj,0,0.0,0
222,Francesco Bianchi,1,2.5,3
223,Breton Bienvenue,22,4.3,2.6
224,Louis Billera,3,3.5,3.3
225,David Bindel,0,0.0,0
226,Ken Birman,30,3.2,3
227,Jeremy Birnholtz,5,3.8,2.8
228,Kendra Bischoff,20,4.1,3.1
229,Dina Bishara,2,4.5,2
230,John Bishop,9,2.5,3.2
231,Carole Bisogni,3,4.3,2.3
232,James Bisogni,4,4.3,1
233,Eilyan Bitar,3,3.7,4
234,Adrienne Bitar,4,4.8,2.6
235,Adam Bjorndahl,2,4.2,2.5
236,Theo Black,3,5.0,2.3
237,Anne Blackburn,18,2.2,3.9
238,Kristina Blake-Hodek,3,5.0,3
239,Garrick Blalock,16,4.0,2
240,Jeffrey Blanchard,0,0.0,0
241,Robert Bland,26,3.4,3.2
242,Jim Blankenship,43,4.1,3.6
243,Colin Bleak,4,3.4,3
244,Stephen Bloom,1,5.0,2
245,Kevin Bloomfield,4,3.8,3
246,Larry Blume,34,1.5,3.8
247,John Blume,4,4.2,3.5
248,Aaron Bodoh-Creed,1,1.5,4
249,Stephen Boedo,4,3.8,3.8
250,Vicki Bogan,28,2.8,3.3
251,Lynda Bogel,20,3.9,2.4
252,Rick Bogel,6,4.2,3.8
253,Dennis Bogusz,1,4.5,3
254,Vanessa  Bohns,15,4.8,2.3
255,Adam Bojanczyk,22,2.8,2.8
256,Lawrence Bonassar,4,4.1,3.3
257,Brittany Bond,2,5.0,2.5
258,David Bonter,1,5.0,3
259,Ronald Booker,20,2.2,3.5
260,Captain Boomswing,1,4.0,1
261,Christopher Boone,8,4.5,3.1
262,James Booth,3,2.7,4
263,Richard Booth,17,2.9,4
264,Andy Borum,2,5.0,3.5
265,Bruno Bosteels,15,2.2,3.5
266,Stephanie Bostic,0,0.0,0
267,Daria Bottan,2,3.0,3.5
268,Nicolas Bottan,2,4.0,3.5
269,Daniel Boucher,57,3.3,3.3
270,Wally Boudry,2,3.5,3
271,Walter Boudry,0,0.0,0
272,Danier Bouza,5,4.5,4
273,John Bowers,4,1.1,3.8
274,Kimberly Bowes,4,4.0,2.5
275,Dwight Bowman,20,4.2,3
276,Cynthia Bowman,1,5.0,1
277,Jonathan Boyarin,2,2.3,2
278,Carole Boyce Davies,4,3.7,2.8
279,Richard Boyd,17,3.1,2.5
280,George Boyer,39,4.5,2.8
281,Anne Bracy,48,3.5,4
282,Jeremy Braddock,8,3.9,2.6
283,John Brady,0,0.0,0
284,Charles Brainerd,8,2.3,3.5
285,Maria Bramati,2,3.0,3.5
286,Giulia Brancaccio,1,2.0,4.5
287,Ross Brann,24,4.5,2.4
288,Patsy Brannon,11,4.2,3.2
289,Matt Brashears,8,4.3,1.9
290,Tad Brennan,17,4.2,2.7
291,Anthony Bretscher,15,4.1,3.1
292,Andrew D Bridson,2,2.2,1
293,Charles Brittain,0,0.0,0
294,Kate Bronfenbrenner,18,3.3,3.4
295,Samantha Brooks,7,2.5,3.1
296,Nancy Brooks,8,2.5,3.5
297,Dan L. Brown,7,4.1,2.4
298,David Brown,3,4.5,1.7
299,Alex Brown,0,0.0,0
300,Laura Brown,3,5.0,2.7
301,Larry Brown,27,2.9,2.5
302,Judith Brownell,4,3.3,2.3
303,Lawrence Bruce-Robertson,8,4.1,3.1
304,Michael Bryant,2,4.5,3
305,Nicolas Buchon,30,4.4,3.9
306,Susan Buck-Morss,15,3.0,3
307,Carlyn Buckler,0,0.0,0
308,Daniel Buckley,4,5.0,3.1
309,Dylan Bugden,3,1.7,4
310,Eliza Buhrer,2,4.5,1.5
311,Nathan Bulthuis,6,4.6,3.5
312,Happiness Bulugu,3,4.8,1
313,Florentina Bunea,14,2.7,3.1
314,John Bunge,8,4.7,1.9
315,Austin Bunn,4,3.3,2.8
316,Richard Burkhauser,90,2.5,2.8
317,Anthony Burrow,11,4.6,2.4
318,Mary Burton,0,0.0,0
319,Diane Burton,6,1.8,3.2
320,Jonathan Butcher,2,3.5,3.5
321,Judith Byfield,7,2.5,3.3
322,Christopher Byrne,2,5.0,3
323,Sahara Byrne,18,4.8,2.1
324,K Bingham Cady,15,2.3,2.8
325,Kathryn Caggiano,3,3.7,4
326,Marina Caillaud,8,4.5,2.4
327,Marty Cain,3,5.0,2.3
328,John Callister,119,3.5,2
329,Cynthia Camp,4,4.0,3
330,Andrew Campana,0,0.0,0
331,Thomas Campanella,9,2.7,2.9
332,Timothy Campbell,1,2.0,3
333,Timothy Campbell,1,2.0,3
334,Darlene Campbell,28,3.7,4.1
335,Mark Campbell,1,5.0,5
336,Angelina Campos,0,0.0,0
337,Linda Canina,12,3.8,3.6
338,Xiadong Cao,0,0.0,0
339,Xiaodong Cao,7,1.8,3.4
340,Marseille Cardie,1,5.0,2
341,Claire Cardie,12,3.6,2.8
342,Allen Carlson,14,4.2,2.8
343,Julie Carmalt,12,4.5,1.9
344,Calum Carmichael,7,3.6,3
345,Vicki Caron,2,3.2,3
346,Michael Carpentier,1,4.0,4
347,Paul Carr,5,2.7,3
348,Kevin Carrico,5,4.3,3
349,Jason Carrier,2,2.0,3
350,Loretta Carrillo,4,4.2,2.3
351,Jennifer Carrington,1,4.0,3
352,Bill Carroll,13,4.2,2.6
353,John Carruthers,0,0.0,0
354,Edoardo Carta,5,4.1,2.6
355,Cathy Caruth,4,4.2,2.5
356,Steven Carvell,7,4.4,2.4
357,Mickey Casad,2,4.5,2.5
358,Madeline Casad,2,4.8,2.5
359,Daniel Casasanto,0,0.0,0
360,Marianella Casasola,14,4.4,3.1
361,Glenn Case,18,3.6,3.9
362,Holly Case,27,4.5,3.6
363,John Castella,1,5.0,3
364,Pierre-Elliot (Peter) Caswell,2,1.0,4.4
365,Larry Cathles,1,5.0,1
366,Marie Caudill,10,4.7,3.4
367,Julieta Caunedo,7,2.9,2.8
368,John Cawley,18,4.3,2.5
369,Stephen Ceci,2,4.8,3
370,James Cecil,8,3.5,4.5
371,Alfred Center,9,3.1,3.9
372,Richard Cerione,0,0.0,0
373,Flaminia Cervesi-Mccobb,15,4.5,2.5
374,Ivaacuten Chaar-Loacutepez,0,0.0,0
375,Brian Chabot,2,3.5,3
376,Lauren Chambliss,7,3.6,3.1
377,Garnet Chan,3,4.0,3.3
378,Mohit Chandna,5,4.8,2
379,Celesta Chang,0,0.0,0
380,Julia Chang,1,5.0,2
381,Derek Chang,25,4.0,2
382,Patrick Charles,2,1.0,3.5
383,Suzanne Charles,0,0.0,0
384,Shami Chatterjee,2,3.5,3
385,Eshan Chattopadhyay,1,4.0,2.6
386,Nancy Chau,16,4.1,3.1
387,Siddhartha Chaudhuri,7,4.5,3.1
388,Marie Chazal,4,1.0,4
389,Jian Chen,11,3.6,3
390,Kuei-Chiu Chen,6,3.6,3
391,Zhihong Chen,14,4.5,3.4
392,Steven Chen,0,0.0,0
393,Tsuhan Chen,1,4.0,1
394,Michael Chen,5,4.8,1.6
395,Yudong Chen,2,3.5,2.5
396,Peng Chen,13,2.5,3.7
397,Anca Chereches,2,1.0,5
398,Debbie Cherney,14,3.4,2.6
399,David Chernoff,0,0.0,0
400,Lisa Chervinsky,1,2.0,2
401,Jacob Chestnut,1,5.0,3
402,Paul Chew,11,3.2,3.2
403,Eric Cheyfitz,10,3.2,3.8
404,Lily Chi,11,3.4,4.1
405,Hsiao-Dong Chiang,6,4.6,2.8
406,George Chigas,3,5.0,2
407,Andrew Chignell,20,4.6,3.3
408,Paul Chirik,120,4.3,3.4
409,Kyuha Cho,2,4.0,3.5
410,Han Cho,18,4.3,3.9
411,Isabel Choinowski,1,5.0,2
412,Kenneth Chong,1,4.0,3
413,Howard Chong,2,5.0,3
414,Tanzeem Choudhury,4,2.6,2.5
415,Jeff Christen,2,5.0,2.8
416,Morten Christiansen,16,4.2,3
417,Susan Christopherson,2,4.5,1.5
418,Ralph Christy,7,3.8,3
419,Hae Chun,1,4.0,2
420,Hun Chung,0,0.0,0
421,Dawn Chutkow,28,4.5,3.3
422,Nate Cira,0,0.0,0
423,Rebekah Ciribassi,0,0.0,0
424,John Cisne,31,2.9,2
425,Andrew Clark,1,4.0,5
426,Preston Clark,21,3.0,3.9
427,William Clark,0,0.0,0
428,Michael Clarkson,20,4.5,3.9
429,Todd Clary,6,4.8,3.2
430,Thomas Cleland,4,3.5,2
431,Kevin Clermont,16,3.3,4.4
432,Lucas Clover Alcolea,1,3.0,3
433,Geoff Coates,40,4.4,3.2
434,Sherman Cochran,13,5.0,3
435,Amy Cochran,1,4.0,3
436,Lily Codera,0,0.0,0
437,Elissa Cogan,3,2.3,3.3
438,Dan Cohen,7,4.6,2.4
439,Ken Cohen,1,3.0,3
440,Paula Cohen,0,0.0,0
441,Ethan Cohen,0,0.0,0
442,Jodi Cohen,8,3.7,3
443,Itai Cohen,9,3.0,2.3
444,Ananda Cohen-Aponte,1,4.0,3
445,Abby Cohn,4,5.0,2.3
446,Elisha Cohn,6,4.0,2.7
447,Sherry Colb,0,0.0,0
448,Daniel Collins,1,3.0,4
449,Christopher Collins,0,0.0,0
450,David Collum,8,3.9,3.4
451,Manuel Colon-Amador,2,3.2,2.5
452,Alexander Colvin,4,4.8,2.5
453,Lance Compa,12,4.7,2.2
454,Katie Destiny Compton,5,4.8,2
455,Eva Conant,0,0.0,0
456,Clinton Conley,4,4.2,4
457,Robert Connelly,63,2.3,3.6
458,Joseph Conrad,1,1.0,3
459,Robert Constable,6,1.1,3.7
460,Mark Constas,0,0.0,0
461,Evan Cooch,31,4.8,3.9
462,Kerry Cook,12,3.8,3.2
463,Jack Corgel,8,3.5,4.1
464,Benjamin Cornwell,28,4.6,1.7
465,Erin York Cornwell,7,4.3,2.5
466,Duane Corpis,10,4.3,2.9
467,Cristina Correa,0,0.0,0
468,Barbara Correll,14,3.5,3.4
469,Benjamin Cosgrove,1,5.0,3
470,Sean Cosgrove,1,4.0,3
471,Dan Cosley,8,3.8,2.5
472,Sarah Cote,7,4.2,3.4
473,William Cowdery,3,4.8,1.7
474,Edwin (todd) Cowen,7,4.0,3.7
475,Jeff Cowie,45,4.1,3.4
476,Christina Cowman,1,4.0,3
477,Rachel Coye,4,4.9,2.3
478,Ray Craib,13,4.5,2.8
479,Raymond Craib,0,0.0,0
480,Harold Craighead,5,4.6,1.6
481,Brian Crane,73,3.3,3.4
482,Stephanie Creary,3,2.3,2.7
483,Catherine Creighton,0,0.0,0
484,Brooks Crickard,0,0.0,2
485,Adam Crown,4,4.9,2.5
486,David Cruz De Jesus,1,1.5,3
487,Csaba Csaki,7,4.3,3.1
488,Danielle Cudmore,1,5.0,3
489,Verdie Culbreath,5,2.7,3.8
490,Oona Cullen,1,5.0,2
491,Jonathan Culler,8,4.1,2.8
492,Thomas Cunningham,0,0.0,0
493,Edward Currie,0,0.0,0
494,Milton Curry,5,2.7,4.4
495,Andrew Curthoys,0,0.0,0
496,Steven Curtis,6,4.0,3.3
497,Paul Curtis,1,2.0,3
498,Richard Curtis,129,2.8,3.3
499,James Cutting,25,3.9,3.8
500,Julia D'Souza,4,2.4,4.3
501,James Dabney,1,5.0,4
502,Iftikhar Dadi,1,5.0,3
503,Jim Dai,5,3.4,2.9
504,Irene Daly,0,0.0,0
505,Anil Damle,4,5.0,3.5
506,Christian Danescu,5,4.0,2.5
507,Cletus Daniel,20,4.2,4
508,Susan Daniel,12,2.8,3.4
509,Sheila Danko,15,3.4,2.9
510,Sreyoshi Das,0,0.0,0
511,Ashim Datta,22,4.5,3
512,Peter Davies,11,3.8,2.5
513,Lewis dAvigdor,0,0.0,0
514,J. C. Séamus Davis,12,4.4,3.2
515,Stuart Davis,18,4.2,2.7
516,Damek Davis,7,3.5,3.1
517,Brian Davis,1,1.0,4
518,Abe Davis,2,3.5,3.4
519,Paul Davis,20,4.2,2.5
520,Floyd Davis,43,4.0,3.2
521,Paul Dawson,25,1.9,4.1
522,Erica Dawson,0,0.0,0
523,Ricardo Daziano,1,4.0,3
524,Brett De Bary,4,4.2,2.2
525,Art De Gaetano,10,4.2,2.7
526,Harry De Gorter,3,3.3,3
527,Osvaldo De La Torre,3,4.7,2
528,Itziar de Rivera,9,4.6,2.4
529,Chris De Sa,6,4.3,3.5
530,Martin De Santos,2,4.0,2
531,Peter Dear,21,3.6,3.3
532,Dorothy Debbie,4,4.0,3
533,William DeBenedetti,0,0.0,0
534,Newton DeFaria,4,2.0,2.5
535,Arthur Degaetano,5,4.0,3.3
536,David Lawrence Deitcher,3,4.7,2.7
537,Natalie DelBusso,0,0.0,0
538,David Delchamps,38,4.5,2.9
539,Christina Delimitrou,33,4.9,3.6
540,Matthew Delisa,5,4.2,3.4
541,Nicola Dell,0,0.0,0
542,Elizabeth Deloughrey,6,4.5,3.5
543,Kelly Delp,17,3.8,4
544,R. Keith Dennis,5,3.7,4.4
545,Tommaso Denti,4,3.5,4.1
546,Alan Denton,1,2.0,4
547,Louis Derry,3,4.5,3.3
548,Olivier Desjardins,2,4.3,3
549,Miloje Despic,7,4.4,2.5
550,Chekitan Dev,51,4.3,3.1
551,Ileen DeVault,36,4.6,2.8
552,Tim Devoogd,28,3.0,4
553,Colin Dewey,6,4.0,3.2
554,Binoy Dharia,7,3.4,3
555,Sanjay Dharmavaram,9,4.8,2.6
556,Keila Dhondt,0,0.0,0
557,Frank Di Slavo,2,3.5,3
558,Naminata Diabate,3,4.8,3.3
559,Peter Diamessis,3,4.5,3
560,Kathryn Diaz,0,0.0,0
561,William Dichtel,14,4.4,3.4
562,Tom Diciccio,42,4.2,2.3
563,Katherine Dickin,0,0.0,0
564,Ruediger Dieckmann,6,1.5,4.8
565,Brenda Dietrich,8,1.7,4.3
566,Ronald Dinapoli,3,3.1,2.3
567,Francis Disalvo,12,3.6,3.6
568,Robert DiStasio,2,5.0,4
569,David Dittman,24,4.0,2.4
570,Stephanie Divo,21,4.6,3.4
571,Virginia Doellgast,2,3.0,3.5
572,Tobias Doerr,1,5.0,3
573,Peter Doerschuk,15,2.7,3.5
574,Park Doing,8,2.6,2.7
575,Laura Donaldson,4,2.4,3.8
576,Eve Donnelly,0,0.0,3
577,Lisa Dragoni,9,3.8,2.3
578,Abigail Drake,15,2.8,3
579,Christopher Drangle,5,4.8,2.2
580,Laurie Drinkwater,0,0.0,0
581,Yue Du,2,4.5,2.5
582,Laurent Dubreuil,6,4.2,3
583,Bryan Duff,3,1.0,3.7
584,Brooke Duffy,5,3.6,2.2
585,Gerry Dugan,9,2.6,3.7
586,Mathieu Dumouchel,1,4.0,2.8
587,T. Michael Duncan,53,4.1,3.9
588,Thomas Duncan,2,5.0,3.5
589,Timothy Duncan,0,0.0,0
590,James  Dunlea,1,4.5,4
591,David Dunning,46,3.9,3.7
592,Travis Duprey,2,5.0,1.5
593,Daniel Duque,5,4.8,2.8
594,Matthew Durham,0,0.0,4
595,Lee Dyer,0,0.0,0
596,Holly Dygert,1,1.0,4
597,Brian Earle,23,4.7,1.9
598,Corey Ryan Earle,3,4.7,1.3
599,Christopher Earls,7,4.6,1.9
600,Cecilia Earls,9,2.6,3.9
601,David Easley,36,4.3,2.8
602,Emily Eaton,3,4.3,3.3
603,Shimon Edelman,24,2.4,2
604,Locksley Edmondson,9,2.8,3.6
605,Stevie Edwards,4,2.2,3
606,Ronald Ehrenberg,25,4.2,2.3
607,Irene Eibenstein-Alvisi,4,3.8,3.5
608,Danielle Eiseman,0,0.0,0
609,Mark Eisner,7,2.4,3.1
610,Tom Eisner,15,4.6,1.6
611,Matti Eklund,4,3.8,3.3
612,Ahmed El Alaoui,8,2.0,4.4
613,Allison Elias,8,4.1,3
614,Jack Elliott,18,3.8,3.4
615,Lillien Ellis,9,4.8,1.9
616,Kevin Ellis,0,0.0,0
617,Stephen Ellner,0,0.0,0
618,Parfait Eloundou-Enyegue,14,3.4,1.8
619,Veit Elser,34,3.0,3.6
620,Susan Ely,3,4.7,4
621,Hassan Enayati,2,5.0,3
622,James Engstrom,1,5.0,2
623,Peter Enns,3,5.0,2.7
624,Sarah Ensor,3,5.0,4.3
625,Jeremy Entner,27,2.1,3
626,Cathy Enz,2,2.8,3.5
627,Pedro Erber,2,4.8,1.5
628,Griffin Erich,1,5.0,1
629,David Erickson,9,2.4,3.7
630,Scott Erickson,3,2.7,3.1
631,Paul Erickson,1,5.0,3
632,Ali Erkan,0,0.0,0
633,Kevin Ernste,7,4.3,2.1
634,Juan Escalona Torres,2,5.0,4
635,Mahdi Esmaily Moghadam,4,3.3,4
636,Juan Espinosa,3,4.7,3.3
637,Lara Estroff,2,3.5,4
638,Darlene Evans,24,3.5,3.9
639,Thomas Evans,6,3.3,3.2
640,Gary Evans,29,4.2,2.2
641,Olivia Evans,1,5.0,1
642,Tom Evans,31,3.8,3.4
643,Rick Evans,10,2.4,2.3
644,Thomas Evans,6,3.3,3.2
645,Jerel Ezell,1,4.0,3
646,Gregory Ezra,5,3.0,4.5
647,Tim Fahey,39,3.5,2.2
648,Ziad Fahmy,15,4.2,2.6
649,Frances Fairbairn,4,4.0,3.8
650,Jane Fajans,23,2.1,2.1
651,Oren Falk,43,2.9,4.3
652,Louis Falkson,5,2.7,3.6
653,Arthur Falkson,6,4.5,1
654,Tamra Fallman,3,5.0,2.3
655,Daisy Fan,131,3.5,3.8
656,Anna Fang,1,5.0,3
657,Sean Fath,1,5.0,2
658,A.R. Fatihi,12,3.6,1.9
659,David Faulkner,8,3.4,3
660,Elisabeth Fay,2,3.5,3
661,David Feathers,1,5.0,2
662,Mark Fedyk,4,4.9,3
663,Gerry Fegeinson,1,5.0,3
664,Gerald Feigenson,40,4.6,3.1
665,Shelley Feldman,8,1.6,2.1
666,David Feldshuh,8,5.0,3.7
667,julia felice,1,5.0,1
668,Briel Felton,4,4.8,2
669,Craig Fennie,10,2.8,3.8
670,Melissa Ferguson,6,4.2,2.3
671,Maria Fernandez,10,2.3,3.2
672,Silvia Ferrari,3,3.3,2
673,Caroline Ferraris-Besso,5,4.7,2.6
674,Renate Ferro,10,1.5,2
675,Nick Fesette,1,5.0,3
676,Joe Fetcho,10,3.7,3.6
677,Julie Ficarra,0,0.0,0
678,Gary Fick,7,3.7,2
679,David Field,8,4.2,3
680,Martha Field,2,5.0,4
681,Brigitte Fielder,1,4.0,1
682,Thomas Fields,3,5.0,3
683,Gary Fields,17,4.5,2.6
684,Melissa Figueroa,7,4.0,2.4
685,Gail Fine,6,2.7,3.3
686,Elise Finielz,1,5.0,3
687,Julia Finkelstein,2,3.3,3
688,Barbara Finlay,6,2.6,4
689,Oleg Firsin,1,1.0,4
690,Claudia Fischbach-Teschl,4,3.6,2.8
691,Emily Fischer,2,1.0,2.5
692,K Fisher,1,5.0,1
693,Geoffrey Fisher,1,2.0,1
694,Geoffrey Fisher,1,2.0,1
695,Elizabeth Fisher,10,4.4,2.6
696,Magnus Fiskesjo,21,2.9,2.1
697,Eanna Flanagan,0,0.0,4.5
698,Alex Flecker,15,3.3,2.3
699,Paul Fleming,0,0.0,0
700,Nicholas Fletcher,2,3.5,2
701,Cristina Florea,4,4.0,3.8
702,Gustavo Flores-Macias,2,3.8,3.5
703,Bruce Fontaine,3,4.3,3
704,Michael Fontaine,13,4.3,3.3
705,John Forester,0,0.0,0
706,John Forester,0,0.0,0
707,Chiara Formichi,5,3.6,3
708,Brett Fors,11,4.6,3.6
709,Ann Forsythe,30,2.9,4.2
710,Nate Foster,15,4.3,3.6
711,Thomas Fox,44,4.3,3.6
712,Karlie Fox Knudtsen,1,5.0,4
713,Carl Franck,4,1.9,3
714,Robert Frank,28,3.9,2.5
715,Jason Frank,12,4.5,2.9
716,Jill Frank,1,4.0,3
717,Margaret Frank,2,4.0,2
718,Rossi Frank,8,4.8,1.5
719,George Frantz,5,4.0,2.4
720,Peter Frazier,9,4.3,2
721,Don Fredericksen,8,4.1,3.1
722,Jack Freed,13,2.0,4.4
723,Matthew Freedman,3,4.7,1.7
724,Lewis Freedman,1,4.0,1
725,Daniel Freund,1,5.0,4
726,Craig Frey,2,4.5,1.5
727,Florian Frick,4,5.0,3.5
728,Debra Fried,13,3.6,2.8
729,Paul Friedland,18,4.6,3.3
730,Eli Friedman,10,3.8,3.2
731,Reid Friedson,5,5.0,3.8
732,Dana Friend,3,4.0,3
733,Walter Frisch,2,5.0,4.5
734,Giulia Friso,1,4.0,3
735,Andy Frohmader,5,2.1,3.8
736,Christopher Fromme,4,4.4,3
737,Stephen Frug,4,3.6,3
738,Rodrigo Fuentes,2,4.5,2.5
739,Arnika Fuhrmann,2,4.5,2
740,Bert Fulbright,35,3.6,3.4
741,Valentina Fulginiti,4,4.8,2.2
742,Carrie Fulton,1,4.5,2
743,David Funk,1,3.0,3
744,Sue Fussell,2,3.0,3.5
745,Peter Gabriel,0,0.0,0
746,Greeshma Gadikota,7,3.7,3
747,Alexander Gaeta,11,3.7,2.6
748,Kevin Gagan,0,0.0,0
749,J. Ellen Gainor,2,5.0,2.5
750,Daniel Gallagher,0,0.0,0
751,Andrew Galloway,18,4.3,2.7
752,David Galton,5,4.6,2.2
753,Maria Gandolfo,0,0.0,0
754,Bruce Ganem,113,3.6,3.8
755,Barbara Ganzel,5,3.2,3
756,Yingxin Gao,12,2.0,3.8
757,George Gao,1,1.0,2
758,Oliver Gao,1,3.0,1
759,Maria Antonia Garces,10,4.8,3.4
760,Ephrahim Garcia,23,3.4,3.3
761,Armando Garcia,3,1.8,3
762,Maria Garcia,14,2.5,3.8
763,Ben Garcia,0,0.0,0
764,Maria Cristina Garcia,24,4.5,2.5
765,Pablo Garcia Pinar,4,4.3,4
766,Sergio Garcia-Rios,10,4.0,3
767,Filiz Garip,12,3.6,2.4
768,Stephen Garvey,2,4.8,3
769,Bill Gaskins,1,5.0,4
770,Linda Gasser,15,1.5,3.8
771,John Gaulke,1,4.0,1
772,Christopher Gaulke,9,1.8,4.1
773,Vishal Gaur,1,4.0,2
774,Jerrie Gavalchin,4,4.9,1.5
775,Aisha Gawad,5,4.1,3.6
776,Kifle Gebremedhin,17,3.3,2.8
777,Rick Geddes,19,3.9,2.7
778,Charles Geisler,12,3.1,2.5
779,Tamar Gendler,3,4.5,3
780,Eric Gentsch,0,0.0,0
781,Albert George,0,0.0,0
782,Michael George,38,2.7,3.7
783,Weiqing Su George,11,4.7,4.5
784,Todd Gerarden,1,2.0,3
785,. Gerner,8,2.8,1.5
786,William Ghiorse,27,3.8,2.3
787,Durba Ghosh,9,4.2,3.5
788,Arpita Ghosh,11,2.8,2.9
789,Alan Giambattista,21,3.8,3.6
790,Emmanuel Giannelis,27,2.7,2.9
791,Nicole Giannella,1,5.0,4
792,Lawrence Gibbons,44,2.0,3.8
793,Michael Giebelhausen,0,0.0,0
794,Michael Giebelhausen,0,0.0,0
795,Emily Gier,4,3.5,3.5
796,Cole Gilbert,38,3.7,3.6
797,Roger Gilbert,7,3.0,2.3
798,James Giles,7,3.8,1.9
799,Tarleton Gillespie,23,3.7,3
800,Gil Gillespie,1,3.5,2
801,Tom Gilovich,62,4.1,3.5
802,Thomas Gilovich,8,3.5,3.4
803,Amanda Gilvin,1,1.5,3
804,Paul Ginsparg,11,3.5,3.2
805,Andrea Giometto,1,4.0,2.5
806,Jim Giovannoni,0,0.0,0
807,Sarah Giroux,8,5.0,2.4
808,Ben Glaser,2,3.8,2.5
809,Jane Glaubman,1,1.0,3
810,Frederic Gleach,4,3.6,1.8
811,Shannon Gleeson,4,3.1,3
812,Marshall Glesby,0,0.0,0
813,Lawrence Glickman,5,4.6,3
814,Flavien Glidja,19,3.4,3.6
815,Iago Gocheleishvili,21,4.8,2.3
816,Marc Goebel,6,4.8,2.4
817,Werner Goehner,15,1.9,3.7
818,Carolyn Goelzer,1,5.0,3
819,Kent Goetz,1,4.5,2
820,Tao Goffe,0,0.0,0
821,Jenna Golan,0,0.0,4.4
822,Daniel Gold,7,3.1,1.7
823,Michael Gold,60,3.6,4.6
824,Michael Goldberg,24,2.4,4.2
825,Jesse Goldberg,3,5.0,3
826,Thomas Golden,19,4.3,2.7
827,Jillian Goldfarb,6,1.0,4.8
828,William Goldsmith,17,3.0,2.9
829,Michael Goldstein,32,4.3,3.5
830,Carla Gomes,1,3.0,4
831,Raul Gomez,13,4.0,3.3
832,Carlos Gomez,0,0.0,0
833,Jack Goncalo,20,4.1,2.2
834,Nataliia Goncharuk,1,5.0,3
835,Angela Gonzales,20,2.5,2.5
836,Christine Goodale,4,4.3,1.8
837,Lindsay Goodale,0,0.0,1
838,Elizabeth Goold,3,4.3,2.7
839,Katy Gottschalk,6,4.9,2.7
840,Pauline Goul,1,3.0,3
841,Quitterie Gounot,0,0.0,0
842,Pierre Gourdain,2,4.8,1
843,Delphine Gourdon,1,4.5,2
844,Sachin Goyal,2,1.5,3
845,Serio Gracia-Rios,0,0.0,0
846,Alexander Grant,1,4.0,2
847,Joseph Grasso,3,3.7,3.3
848,Robert Gravani,5,4.1,3.8
849,Michelle Greco,1,4.5,4
850,Robert Green,0,0.0,0
851,Charlie Green,1,5.0,1
852,Denise Green,1,5.0,2
853,Donald Greenberg,11,3.6,3.5
854,Mitchel Greenberg,5,2.6,3.2
855,Harry Greene,23,4.7,2
856,Sandra Greene,9,3.6,3.1
857,John Greenlee,2,4.8,3.5
858,Davyd Greenwood,9,4.6,2.2
859,Adam Grener,1,5.0,3
860,David Gries,123,3.0,3.3
861,Lauren Griffin,0,0.0,0
862,Kati Griffith,0,0.0,0
863,Kate Griffith,25,4.5,3.2
864,Tyran Grillo,0,0.0,0
865,Andrew Grimson,4,4.5,3.5
866,Len Gross,9,4.2,3
867,James Gross,13,3.0,3.7
868,Dale Grossman,23,4.3,3.2
869,Yuval Grossman,5,4.1,2.6
870,David Grubb,21,3.4,2.9
871,Sol Gruner,3,5.0,3
872,April Gu,0,0.0,0
873,Zhenglong Gu,7,3.9,1.8
874,Griffin Guardala,9,3.9,2.1
875,John Guckenheimer,10,3.1,4.1
876,Ani Guerdjikova,11,2.5,2.6
877,François Guimbretière,6,2.2,3.2
878,Joe Guinness,4,3.5,3.7
879,Oktay Gunluk,0,0.0,0
880,Edward Gunn,2,5.0,1
881,Xin Guo,9,4.3,2.7
882,Sachin Gupta,0,0.0,0
883,Nathaniel Guset,1,4.5,1
884,J Guyton,6,4.8,1.5
885,. Haas,0,0.0,0
886,Zygmunt Haas,11,3.4,3.4
887,Spencer Hadley,0,0.0,0
888,Donna Haeger,10,3.1,1.8
889,Donna Haeger,10,3.1,1.8
890,Sabine Haenni,16,3.8,2.7
891,Aibak Hafeez,0,0.0,0
892,John Haggerty,4,4.5,2.8
893,Nika Haghtalab,0,0.0,0
894,Kim Haines-Eitzen,21,4.5,2.5
895,"Nelson Hairston, Jr.",6,4.8,1.7
896,Doug Haith,4,4.1,2.5
897,Parnia Haj-Mohamadi,6,4.7,3.1
898,John Hale,24,2.5,4
899,Jason Hall,1,3.0,3
900,Matthew Hall,10,4.6,2.5
901,Kevin Hallock,7,3.6,2.4
902,Bruce Halpern,11,4.4,1.7
903,Joseph Halpern,20,4.1,3.6
904,Daniel Halpern-Leistner,5,3.8,4
905,Thomas Hambury,5,2.0,3.4
906,Diana  Hamilton,0,0.0,0
907,Andrea Hammer,5,3.1,4.4
908,David Hammer,6,4.6,3.3
909,Tove Hammer,7,3.0,3.5
910,Jeff Hancock,31,4.5,2.6
911,Ashley Hand,8,5.0,2.8
912,Brian Hanrahan,1,4.0,3
913,Tobias Hanrath,3,3.7,3.5
914,Valerie Hans,2,5.0,3.5
915,Ellis Hanson,39,3.7,2.7
916,Wayne Harbert,20,4.8,2
917,Amber Harding,1,5.0,3
918,Andrew Harding,1,5.0,3
919,Matthew Hare,4,3.8,2.8
920,Jared Harel,2,5.0,1.5
921,Bharath Hariharan,14,2.8,3
922,Lauren Harmon,13,4.4,3.6
923,Kyle Harms,33,2.8,2.8
924,Laura Harrington,9,3.9,2.7
925,Benjamin Harris,2,5.0,3
926,Rebecca Harris-Warrick,6,4.4,3
927,Ronald Harris-Warrick,16,4.3,4
928,Richard (rick) Harrison,4,2.9,3.5
929,Kris Hartley,6,4.8,3
930,Thomas Hartman,0,0.0,4
931,Kyle Harvey,1,5.0,3
932,George Hascup,8,3.3,2
933,Anna Haskins,23,4.3,2
934,Allen Hatcher,12,4.3,3
935,John Hausknecht,12,3.7,2.1
936,Anthony Hay,12,2.8,3.4
937,George Hay,21,4.2,3.1
938,Alexander Hayes,2,4.0,2
939,Martha Haynes,15,4.2,3.1
940,Cindy Hazan,43,4.6,2.8
941,Tim Healey,22,4.7,2.9
942,Doug Heckathorn,12,3.8,2.6
943,Kathleen Hefferon,0,0.0,2
944,Ori Heffetz,1,1.0,5
945,Michael Heise,9,4.1,3.6
946,Felix Heisel,0,0.0,0
947,Damian Helbling,0,0.0,0
948,Elizabeth Helbling,2,3.5,4
949,Jill Hellman,0,0.0,0
950,Sheila Hemami,30,3.1,3.6
951,Brandon Hencey,2,2.5,3.5
952,John Henderson,21,2.5,2.5
953,Shane Henderson,23,4.0,3.5
954,Janet Hendrickson,1,5.0,3
955,Tory Hendry,1,3.0,5
956,Richard Hennig,5,5.0,2.8
957,Susan Henry,2,2.0,2.5
958,Erik Herman,0,0.0,0
959,Christopher Hernandez,8,2.3,4.3
960,Ronald Herring,14,2.1,3.2
961,Terry Herter,22,4.4,1.7
962,Peter Hess,7,3.4,3
963,Ian Hewson,5,3.7,2.2
964,Andrew Hicks,4,2.2,3
965,Nina Hien,3,4.3,3
966,Stephen Hilgartner,25,4.0,2.4
967,Thomas Hill,19,4.0,1.9
968,Marcy Hines,0,0.0,0
969,Melissa Hines,129,3.2,3.8
970,Juan Hinestroza,2,3.5,4
971,Tim Hinkin,1,5.0,1
972,TJ Hinrichs,6,3.5,3.6
973,Katsuya Hirano,11,4.3,2.6
974,Thomas Hirschl,33,3.1,1.8
975,Thomas Hirschl,33,3.1,1.8
976,Haym Hirsh,13,3.1,2.5
977,Vincent Hiscock,0,0.0,0
978,Peter Hitchcock,1,4.0,5
979,Molly Hite,8,4.0,3.5
980,Justin Ho,0,0.0,0
981,Peter Hobbs,3,3.5,2.3
982,Robert Hockett,5,4.3,2.8
983,John Hoddinott,1,5.0,3
984,Harold Hodes,34,2.5,3.9
985,Kathie Hodge,6,5.0,2
986,Aaron Hodges,3,4.5,4.7
987,Saida Hodzic,7,3.6,3
988,Kelly Hoffer,1,5.0,3
989,Benjamin Hoffman,0,0.0,0
990,Guy Hoffman,0,0.0,2
991,Georg Hoffstaetter,11,2.8,4
992,Philip Hollander,0,0.0,0
993,Tara Holm,7,4.2,3.6
994,David Holmberg,11,3.4,2.6
995,Megan Holycross,0,0.0,0
996,Tatiana Homonoff,1,3.5,2
997,Christina Homrighouse,43,4.8,1.7
998,Yongmiao Hong,34,3.1,3
999,Giles Hooker,11,3.5,4.7
1000,Daniel Hooker,3,5.0,2
1001,John Hopcroft,26,4.1,2.4
1002,Carl Hopkins,31,3.4,3.9
1003,Sarah Hormozi,0,0.0,0
1004,Dafna Hornikee,3,3.5,3.3
1005,Shahadat Hossain,2,2.5,3
1006,Michael Hostetler,3,3.2,2.7
1007,Kelsey Houston-Edwards,0,0.0,0
1008,Ken Hover,27,4.6,2.9
1009,Robert Howarth,9,3.7,2.4
1010,Cary Howie,8,4.8,2.7
1011,Ming Huang,1,5.0,3
1012,Daoji Huang,3,3.1,3.3
1013,Daniel Huang,0,0.0,0
1014,John Hubbard,17,3.9,4.1
1015,Karolina Hubner,4,4.0,3.3
1016,Chris Huckfeldt,18,2.9,4.1
1017,George Hudler,30,4.7,1.8
1018,Bart Huelsenbeck,1,2.5,3
1019,Tim Huffaker,29,3.3,3.8
1020,Hannah Hughes,0,0.0,1
1021,C. Y. Hui,34,3.3,3.3
1022,Isabel Hull,8,4.7,4
1023,Lee Humphreys,1,5.0,3
1024,Julianne Hunter,1,5.0,3
1025,Jean Hunter,26,2.0,4
1026,Mary-Ann Huntley,2,4.5,3
1027,Elizabeth Huntley,2,4.3,3.5
1028,Rick Hurd,8,4.6,2
1029,Heather Huson,4,3.7,3.3
1030,Robert Hutchens,19,4.4,2.7
1031,Valzhyna Hutchinson,0,0.0,0
1032,Ishion Hutchinson,3,3.5,1.7
1033,Michael Huyghue,1,5.0,4
1034,Gene Hwang,12,3.2,2.8
1035,Brian Hwang,2,5.0,4
1036,Byoung Hwang,7,5.0,3
1037,Paul Hyams,1,5.0,3
1038,James Hyde,1,1.0,3.4
1039,Louis Hyman,17,2.9,3.4
1040,David Hysell,0,0.0,0
1041,Vincent Ialenti,3,4.7,3.7
1042,Sahoko Ichikawa,0,0.0,0
1043,Zulma Iguina,15,4.7,3.3
1044,Iouli Iliachenko,5,4.8,3
1045,Emilia Illana Mahiques,3,2.7,4.4
1046,Ikhide Imumorin,2,1.0,4.5
1047,ED Intemann,2,4.5,3
1048,Andrea Ipollito,0,0.0,0
1049,Catalina Iricinschi,5,2.4,3.5
1050,Tristan Ivory,0,0.0,5
1051,Krishnamurthy Iyer,3,3.0,2.7
1052,Peter Jackson,8,4.2,2.5
1053,Kirabo Jackson,3,4.3,2.7
1054,Steve Jackson,14,3.0,2.5
1055,Ngampit Jagacinski,8,3.7,3
1056,Karen  Jaime ,1,4.0,2
1057,Tsitsi Jaji,3,2.4,3.3
1058,George Jakubson,89,2.7,4
1059,Richard James,0,0.0,0
1060,Doug James,5,4.2,3.6
1061,. Jameson,6,3.9,4.2
1062,Tibor Janosi,2,3.0,4
1063,Phyllis Janowitz,8,3.6,1.9
1064,Samson Jardine,1,5.0,2
1065,Robert Jarrow,7,3.3,2.1
1066,Sarah Jefferis,5,1.2,3.8
1067,Debdeep Jena,2,4.0,3
1068,James Jenkins,30,4.3,3.3
1069,Stephen Jesch,5,4.8,3.2
1070,Peter Jessel,3,4.0,2
1071,Alisa Jimenez,2,5.0,3.5
1072,Thorsten Joachims,12,3.4,3.7
1073,Bruce Johnson,6,5.0,2.5
1074,Pat Johnson,5,4.1,3.8
1075,Rick Johnson,7,2.5,4.4
1076,Thomas Johnson,3,2.8,3.7
1077,Blair Johnson,1,5.0,4
1078,Adrienne Johnson,2,4.5,3.5
1079,Robert Johnston,4,3.4,2.5
1080,Wendy Jones,5,4.4,2.4
1081,Victoria Jones,2,3.0,3.5
1082,Andrew Jones,1,5.0,2
1083,Dustin Jones,2,4.8,3
1084,Marysia Jonsson,2,5.0,2.5
1085,Yong Joo,6,2.3,3.2
1086,Steve Jordan,5,3.4,3.8
1087,Mariangela Jordan,1,5.0,3
1088,Kurt Jordan,15,4.1,3.5
1089,Joshua Judkins,2,4.0,1.5
1090,Ari Juels,1,5.0,1
1091,Jane Juffer,7,4.3,3.4
1092,Malte Jung,3,3.0,3.7
1093,Thomas Jungbauer,0,0.0,0
1094,Sebastian Junge,0,0.0,0
1095,David Juran,6,3.6,3.3
1096,Martine Kaczynski,0,0.0,0
1097,Peter Kahn,7,3.6,2.9
1098,Lawrence Kahn,15,2.2,3.2
1099,Henry Kaiser,7,4.1,1.7
1100,Harry Kaiser,0,0.0,0
1101,Rayna Kalas,12,4.0,3.6
1102,Lisa Kaltenegger ,47,4.5,2.6
1103,David Kammer,1,5.0,3
1104,Rachana Kamtekar,5,3.0,3.4
1105,Edwin Kan,20,3.9,4
1106,Caitlin Kane,2,5.0,3.5
1107,Cindy Kao,0,0.0,0
1108,Stephen Kaplan,10,3.2,3.3
1109,Julia Karczewski,5,1.2,4.9
1110,Sabrina Karim,9,4.0,3.5
1111,Hannah Karmin,6,4.8,2.7
1112,Liz Karns,44,3.0,2.8
1113,Robert Karpman,9,2.1,3.3
1114,Abdulrazak Karriem,2,3.2,3
1115,Carol Kaske,7,4.9,3.4
1116,Martin Kassabov,14,2.5,4.5
1117,Karim-Aly Kassam,19,3.8,2.9
1118,Yukiko Katagiri,4,4.4,2.3
1119,Jan Katz,6,2.6,3.3
1120,Harry Katz,24,3.8,2.9
1121,Mary Katzenstein,17,4.2,3.5
1122,Peter Katzenstein,182,4.5,3.8
1123,Michelle Kavall,1,5.0,4
1124,Klim Kavall,5,5.0,3
1125,Toshi Kawate,0,0.0,0
1126,Ailong Ke,1,4.5,4
1127,Yarden Kedar,0,0.0,0
1128,Hannah Keese,2,4.0,3
1129,Uri Keich,2,4.5,1
1130,Alon Keinan,0,0.0,0
1131,Patricia Keller,7,4.1,2.4
1132,JR Keller,5,5.0,3
1133,Michael Kelley,10,2.0,3
1134,Kimoi Kemboi,0,0.0,3
1135,Don Kenkel,7,2.7,3.3
1136,Donald Kenkel,0,0.0,0
1137,William Kennedy,10,4.1,2.3
1138,Virginia Kennedy,3,4.5,3
1139,Erik Kenyon,1,5.0,3
1140,Kimberly Kenyon,0,0.0,0
1141,Andre Kessler,1,4.5,4
1142,Yu Yu Khaing,1,5.0,3
1143,Lori Khatchadourian,1,5.0,3
1144,Olga Khessina,5,4.8,3.6
1145,Nick Kiefer,5,2.2,4
1146,Richard Kiely,2,4.2,4
1147,Chris Kim,7,3.9,3
1148,Jina Kim,3,1.7,5
1149,Jungmin Kim,4,1.0,4
1150,Hyuncheol Kim,0,0.0,0
1151,Dayoung Kim,3,5.0,3.3
1152,Hyuncheol Bryant Kim,9,3.5,3
1153,Heeyon Kim,0,0.0,0
1154,Eun-Ah Kim,7,3.6,3.4
1155,Sherri Kimes,3,2.5,4.7
1156,Freedom King,4,4.0,2
1157,Michael King,2,4.8,1.5
1158,Kelly King-O'Brien,11,2.0,4.6
1159,Cynthia Kinsland,13,3.3,4
1160,Katherine Kinzler,2,5.0,2
1161,Brian Kirby,9,4.0,3.1
1162,Philipp Kircher,1,4.0,3
1163,Athena Kirk,0,0.0,0
1164,Earl Kirkland,2,4.3,3
1165,Jonathan Kirshner,33,3.5,3.6
1166,Rene Kizilcec,0,0.0,0
1167,Adam Klausner,31,3.6,3.5
1168,Richard Klein,7,4.9,2
1169,Jon Kleinberg,27,4.7,2.5
1170,Robert Kleinberg,11,4.6,4.3
1171,Samuel Kleiner,4,5.0,2
1172,Kent Kleinman,1,5.0,2
1173,Ronald Kline,10,4.7,2.9
1174,Michele Kline,0,0.0,0
1175,Cathy Kling,0,0.0,2.9
1176,Cody Klippenstein,5,4.6,2.6
1177,K Klosin,3,4.7,2
1178,Ross Knepper,2,2.0,4
1179,Richard Kniffen,4,4.6,1.5
1180,Kevin Kniffin,3,3.3,2
1181,Barbara Knuth,2,5.0,2.5
1182,Allen Knutson,19,3.1,4.1
1183,Michael Koch,4,4.9,3
1184,Donald Koch,6,2.0,4
1185,Walter Koenig,2,5.0,2
1186,Boris Kogan,3,5.0,3.7
1187,Marc Kohlbry,0,0.0,4
1188,Julilly Kohler-Hausmann,4,5.0,2.8
1189,Heather Kolakowski,0,0.0,3
1190,Daniel Koltonski,0,0.0,0
1191,Nolan Kopkin,1,1.0,5
1192,Amnon Koren,0,0.0,0
1193,Lauren Korfine,6,5.0,2.3
1194,David Kornreich,8,3.5,3.9
1195,Theodore Korzukhin,2,1.0,3.5
1196,Simon Kosali,1,5.0,3
1197,Michelle Kosch,3,3.7,3.7
1198,Vic Koschmann,8,4.7,2
1199,Julien Koschmann,0,0.0,0
1200,Barbara Koslowski,12,3.5,2.7
1201,Vaclav Kostroun,6,2.3,3.5
1202,Lena Kourkoutis,7,4.8,3.5
1203,Frances Kozen,0,0.0,0
1204,Dexter Kozen,28,4.2,3.5
1205,Cliff Kraft,0,0.0,0
1206,Dan Krall,0,0.0,0
1207,Isaac Kramnick,51,4.2,2.8
1208,Philip Krasicky,72,4.0,3.5
1209,Lee Kraus,5,3.5,4.2
1210,Sarah Kreps,6,3.5,3.3
1211,Mona Krewel,1,4.0,2
1212,William Krieger,0,0.0,0
1213,Douglas Kriner,14,3.6,3.4
1214,Vikram Krishnamurthy,5,4.2,3.4
1215,Raissa Krivitsky,1,5.0,4
1216,Amy Krosch,1,5.0,2
1217,Megan Kruer,2,5.0,4
1218,Carol Krumhansl,5,3.1,2.5
1219,Neema Kudva,25,2.9,3.7
1220,Volodymyr Kuleshov,0,0.0,0
1221,Alexander Kuo,0,0.0,0
1222,Andrew Kuramoto,1,5.0,1
1223,Matthew Kurtas,0,0.0,0
1224,Sarosh Kuruvilla,14,3.1,3.4
1225,Tamar Kushnir,25,4.0,2.5
1226,Bruce Kusse,27,4.2,3.8
1227,Robert  Kwortnik,8,2.9,3.4
1228,Steven Kyle,34,4.0,2.3
1229,Emily La,1,5.0,2
1230,Walter LaFeber,14,4.9,3.1
1231,Dawn Lafferty,9,4.7,2.6
1232,Carl Lagoze,8,3.1,2.5
1233,Clement Lai,2,5.0,3
1234,Jimenez Lai,0,0.0,0
1235,Mukti Lakhi,3,5.0,4
1236,Amit Lal,16,2.6,4.1
1237,Bernd Lambert,7,4.6,2.1
1238,Kyle Lancaster,32,4.5,4
1239,Bruce Land,23,4.4,3.2
1240,Marie Langlois,15,4.5,3.7
1241,Stacey Langwick,10,3.4,3.3
1242,Orlando Lara,1,5.0,3
1243,Naomi Larson,13,4.9,3.2
1244,Medina Lasansky,13,2.7,4
1245,Mitchel Lasser,0,0.0,0
1246,Laurel Lathrop,2,5.0,5
1247,Michael Latour,0,0.0,0
1248,Chrissy Lau,4,4.6,2.5
1249,Bruce Lauber,3,4.7,4
1250,Julie Lauren,0,0.0,0
1251,Jane Marie Law,69,4.5,3.3
1252,Atoor Lawandow,0,0.0,0
1253,Edward Lawler,0,0.0,0
1254,Cecilia Lawless,36,3.6,3.4
1255,Benjamin Lawrence,3,4.5,2.3
1256,Claudia Lazzaro,12,3.8,3.2
1257,Brian Lazzaro,4,4.5,3.5
1258,Sofia Leacuteonard,0,0.0,0
1259,Tashara Leak,1,5.0,2
1260,Adin  Lears,1,5.0,3
1261,Daniel Lebret,7,4.5,3.9
1262,Andre Leclair,37,3.5,2.8
1263,Siu Sylvia Lee,2,2.8,3
1264,Nicollette Lee,0,0.0,0
1265,Alice Lee,2,5.0,1.6
1266,Esak Lee,2,3.5,2.5
1267,Stephen Lee,80,3.3,4.6
1268,Lillian Lee,14,4.6,3.4
1269,David Lee,30,3.4,3.2
1270,Julie Legate,4,2.9,4.8
1271,Flavio Lehner,1,5.0,3
1272,Xingen Lei,2,2.5,2.5
1273,Sidney Leibovich,4,3.4,2.8
1274,Cynthia Leifer,1,5.0,3
1275,J. Robert Lennon,1,5.0,2
1276,David Lennox,3,4.3,2.7
1277,David Lennox,3,4.3,2.7
1278,Alex Lenoble,1,4.0,3
1279,Lori Leonard,1,5.0,4
1280,Sofia Leonard,1,5.0,2
1281,Gilly Leshed,16,2.7,3.3
1282,William Lesser,5,2.4,1.4
1283,Christine Leuenberger-Pinch,10,3.0,2.1
1284,Pauline Leung,1,4.0,3
1285,Adam Levine,15,4.8,2.6
1286,Caroline Levine,0,0.0,0
1287,David Levitsky,99,4.0,2.5
1288,Bruce Levitt,7,4.6,2.8
1289,Karen Levy,2,5.0,2
1290,Annie Lewandowski,2,4.5,3
1291,Bruce Lewenstein,21,4.1,2.3
1292,Mark E Lewis,11,2.2,3.6
1293,Tasha Lewis,1,3.0,3
1294,Van Lewis,0,0.0,0
1295,Eric Lewis,8,4.1,3.1
1296,Adrian Lewis,13,4.3,3.4
1297,Nikole Lewis,1,5.0,4
1298,Chad Lewis,5,4.3,3.6
1299,Karl Lewis,0,0.0,0
1300,Benjamin Leyden,2,2.5,4.5
1301,Ping LI,7,1.8,4.9
1302,Yiwei Li,1,4.0,2
1303,Shanjun Li,5,4.2,1.8
1304,Fangfang LI,3,4.5,2.7
1305,Qi Li,1,4.0,2
1306,Jura Liaukonyte,2,4.0,2.5
1307,Daniel Lichter,4,3.4,2.5
1308,Chakesha Liddell,5,1.2,3.2
1309,Bob Lieberman,1,5.0,2
1310,Risa Lieberwitz,13,3.5,3.9
1311,James Liebherr,2,5.0,3.5
1312,Matthias Liepe,20,4.3,3.5
1313,Oskar Liivak,3,2.7,3
1314,Claire Lim,24,4.0,3.1
1315,Jared Lim,8,4.8,1.7
1316,Hening Lin,5,4.7,1.8
1317,Douglas Lin,5,3.8,3.8
1318,Song Lin,11,4.4,3.8
1319,Nathan Lindberg,0,0.0,0
1320,Christiane Linster,6,4.1,3
1321,Len Lion,6,3.3,3.2
1322,David Lipsky,15,4.6,2.4
1323,Hod Lipson,8,2.7,3
1324,Christopher Lirette,5,3.7,3
1325,John Lis,0,0.0,0
1326,Gunhild Lischke,28,4.2,3.1
1327,John Little,40,3.3,2.6
1328,Adam Litwin,9,3.4,3.1
1329,Zifeng Liu,1,2.0,4
1330,Peng (peter) Liu,7,3.7,2.9
1331,Kelly Liu,2,4.5,3.8
1332,Petrus Liu,12,4.3,3.1
1333,Crocker Liu,7,3.1,4.4
1334,Beth Livingston,15,4.3,1.6
1335,Alexander Livingston,8,3.9,3.9
1336,Russell Lloyd,19,3.5,3.5
1337,James Lloyd,4,4.0,2.5
1338,Susan Lobello,17,4.3,2.4
1339,Nicolae Lobontiu,1,5.0,4
1340,Jason Locasale,2,4.5,3.5
1341,Jean Locey,24,2.9,3.2
1342,Corinna Loeckenhoff,12,4.2,2.3
1343,Ellis Loew,23,3.8,3.1
1344,Fredrik Logevall,11,4.4,2.9
1345,Rowena Lohman,5,5.0,2.4
1346,Leslie Lok,0,0.0,0
1347,Elizabeth Lombardi,1,2.0,5
1348,Gregory Londe,3,5.0,3
1349,Quincy Loney,0,0.0,0
1350,Kathleen Long,7,4.7,1.7
1351,Douglas Long,5,2.9,2.6
1352,Tamara Loos,12,4.8,2.5
1353,Paulo Lorca,1,5.0,4
1354,Philip Lorenz,10,3.2,2.6
1355,Daniel Lorey II,6,4.6,3.8
1356,Roger Loring,25,4.0,3.6
1357,Nancy Lorr,14,4.2,2.8
1358,John Losey,1,5.0,3
1359,Chris Loss,3,2.3,2.3
1360,Michel Louge,9,2.6,3.8
1361,Michael Lovenheim,7,3.4,4.4
1362,Irby Lovette,21,3.6,2.8
1363,Theodore Lowi,59,3.1,2.7
1364,Jay Lu,2,3.0,4
1365,Yucheng Lu,0,0.0,0
1366,Brian Lucas,6,4.5,2.3
1367,Julius Lucks,1,4.5,4
1368,Marla Lujan,9,4.4,2.9
1369,Joanna Luks,6,4.3,3
1370,Jonathan Lunine,0,0.0,0
1371,Dan Luo,5,4.5,2.5
1372,Barbara Lust,3,5.0,3
1373,Michael Lynch,10,3.9,2.5
1374,William Lynn,0,0.0,0
1375,Michael Lynn,13,2.5,3.2
1376,Tom Lyons,19,4.1,3.1
1377,Tom Lyson,4,4.1,2
1378,Qing Ma,7,4.1,3
1379,Ling Ma ,3,5.0,2.7
1380,Mary MacAusland,8,3.4,4
1381,Scott MacDonald,6,4.3,3.8
1382,Bonnie MacDougall,8,2.6,1.4
1383,Ross MacIntyre,21,2.9,4.2
1384,Joanie MacKowski,7,4.4,2.4
1385,Douglas MacMartin,1,1.0,5
1386,Allen MacNeill,9,4.3,1.6
1387,Andrew MacVey,0,0.0,0
1388,Michael Macy,8,3.9,2.5
1389,Eugene Madsen,6,3.2,1.7
1390,Daniel Magaziner,11,4.7,2.5
1391,Steven Mahaffey,9,4.6,2.1
1392,Ceyhun Mahmudlu,0,0.0,0
1393,Mukul Majumdar,19,2.5,3.3
1394,Fouad Makki,5,4.4,3.2
1395,Elisavet Makridis,1,5.0,2
1396,Joanna Malinowska,0,0.0,0
1397,Ramesh Mallipeddi,10,3.5,2.9
1398,Greg Malysa,0,0.0,0
1399,Zach Manchester,1,5.0,2
1400,Patti Mandel,1,5.0,1
1401,David Manke,7,3.4,3.3
1402,David Mankin,40,3.9,2.1
1403,Jenny Mann,11,4.6,3.3
1404,Julie Mann,7,3.5,3.4
1405,Kate Manne,4,4.8,2.9
1406,Daniel Manne,6,3.9,2.3
1407,Sturt Manning,2,3.5,1.5
1408,Jason Manning,1,4.0,4
1409,Rajit Manohar,8,4.4,4.1
1410,Rick Mansfield,1,4.0,3
1411,Richard Mansfield,3,2.5,3
1412,Aditya Manthri,0,0.0,
1413,Mike Manville,1,4.0,3
1414,Yifei Mao,1,2.0,3
1415,Vida Maralani,2,4.0,4
1416,John March,10,2.7,3.3
1417,Cary Marcous,2,5.0,2
1418,Drew Margolin,8,3.6,2.7
1419,Joseph Margulies,18,3.3,3.2
1420,Patchen Markell,8,2.1,4.5
1421,Sierra Marker,0,0.0,0
1422,Julia Markovits,4,3.8,2.8
1423,Katherine Marks,4,5.0,1
1424,Andrei Marmor,0,0.0,0
1425,John Marohn,64,2.4,3.6
1426,Steve Marschner,9,3.4,4.1
1427,Andrew Marshall,4,4.2,3.2
1428,Sherry Martin,6,3.8,2.5
1429,Jose Martinez,22,3.3,4
1430,Asis Martinez-Jerez,18,2.9,4.1
1431,Veronica Martinez-Matsuda,20,4.3,2.7
1432,Matt Marx,1,5.0,3
1433,Andreea Mascan,0,0.0,0
1434,Ute Maschke,13,4.0,3
1435,Robert Masson,9,1.7,3
1436,Jeffrey Mathias,2,5.0,1
1437,Nathan Matias,1,4.0,2
1438,Jordan Matsudaira,4,4.3,3
1439,Tomoo Matsumura,3,4.8,2.7
1440,David Matteson,4,3.8,2.8
1441,Grit Matthias Phelps,1,5.0,3
1442,Neil Mattson,0,0.0,0
1443,Jared Maxson,6,4.8,3.3
1444,Barry Maxwell,20,3.9,3.2
1445,John Mayberry,1,4.5,1
1446,Michael Mazourek,1,5.0,3
1447,Alice McAdams,0,0.0,0
1448,Liam McAllister,7,5.0,3.9
1449,Murray McBride,4,5.0,3.5
1450,Patrizia McBride,1,5.0,3
1451,Douglas McBride,1,5.0,2
1452,Brent McBride,12,4.0,3
1453,Reneta McCarthy,42,3.1,2.6
1454,Mark McCarthy,25,4.3,3.3
1455,John McCarthy,2,3.5,2
1456,David McCobb,5,3.5,3.2
1457,Katherine McComas,14,3.9,2.1
1458,Max McComb,3,3.0,3.3
1459,. McCormick,18,3.8,3.6
1460,Charles McCormick,0,0.0,0
1461,Susan McCouch,5,5.0,3
1462,Anastasia McCray,1,5.0,1.8
1463,Lawrence McCrea,0,0.0,0
1464,Kate McCullough,11,4.5,3.2
1465,Shawn McDaniel,1,5.0,3
1466,Eric McDermott,3,4.2,4.3
1467,Tia McDonald,0,0.0,0
1468,Christina McDowell,3,2.7,4.3
1469,Thomas McEnaney,4,4.0,3.3
1470,Tamara  McGavock,1,4.0,4
1471,Shilo McGiff,2,4.5,3
1472,William McGill,1,5.0,2
1473,Kaya McGowan,5,4.7,2.4
1474,Matthew McGranaghan,1,1.0,3
1475,Chad McIntosh,2,4.5,3.5
1476,Peter McIntyre,1,1.0,3.3
1477,Doug McKee,19,4.4,3.8
1478,Jonathan McKenzie,0,0.0,3
1479,John McKinley,4,4.8,3.3
1480,Gregory McLaskey,1,5.0,1
1481,Edward McLaughlin,37,3.8,3.4
1482,Poppy McLeod,23,3.2,3.5
1483,Peter McMahon,0,0.0,0
1484,Philip McMichael,11,2.8,2.9
1485,Robin McNeal,27,4.3,1.8
1486,Tracy McNulty,3,4.5,2.9
1487,Thomas McSweeney,5,4.9,3.2
1488,Frances Yufen Lee Mehta,25,4.3,4.1
1489,Saurabh Mehta,1,1.0,5
1490,Scott Meissner,8,2.1,4
1491,Laura Meixner,8,4.2,2.8
1492,Natalie Melas,3,4.7,2.7
1493,Claire Ménard,11,4.6,3.4
1494,Jane Mendle,1,5.0,2
1495,Alice Mercier,3,5.0,2
1496,Gen Meredith,0,0.0,0
1497,Aleksandr Mergold,2,4.0,4.5
1498,Ian Merkel,5,4.0,3.4
1499,Sue Merkel,15,2.3,3.6
1500,Paul Merrill,0,0.0,0
1501,Karel Mertens,11,3.6,2.9
1502,Andrew Mertha,16,4.4,2.6
1503,Ian Merwin,9,4.9,1.9
1504,Karola Meszaros,2,4.0,2.8
1505,Suzanne Mettler,22,3.8,3
1506,Elisabeth Meyer,16,2.4,4.1
1507,Pamela Meyerhofer,2,1.0,3
1508,Leticia Meza-Riedewald,7,3.9,3.3
1509,Jason Mezey,3,3.7,4.3
1510,John Michael,8,3.4,3.4
1511,Jamila Michener,10,4.5,3.5
1512,Marilyn Migiel,12,4.3,2.7
1513,Joseph Mikels,8,4.4,1.4
1514,Roberta Militello,0,0.0,0
1515,Matt Miller,36,3.0,4
1516,Richard Miller,22,2.9,2.6
1517,DD Miller,4,3.8,2.3
1518,Aragorn Miller,2,3.5,2
1519,Jamie Miller,4,5.0,3.3
1520,Doug Miller,1,3.0,4
1521,William Miller,1,5.0,1
1522,Bill Miller,4,4.3,3
1523,Christopher Miller,5,3.2,2.8
1524,Beth Milles,5,4.3,3
1525,David Mimno,4,3.7,3.5
1526,Mostafa Minawi,5,4.8,3.2
1527,Barbara Mink,0,0.0,0
1528,Joseph Miranda,0,0.0,0
1529,Leonard Mirin,3,4.5,1.3
1530,Amanda Mita,22,4.9,2.4
1531,S Mitchell,1,5.0,3
1532,Tapan Mitra,16,4.1,4.2
1533,Tracy Mitrano,1,1.0,4
1534,Hiro Miyazaki,8,3.4,2.5
1535,Ron Mize,9,3.4,3
1536,Reza Moghimi,4,5.0,2.3
1537,Amir Mohamed,0,0.0,0
1538,Satya Mohanty,28,2.8,3.5
1539,Steven  Mohlke,3,4.8,2.7
1540,Andrew Moisey,7,4.2,2.8
1541,Jason Mokhtarian,0,0.0,0
1542,Klas Molde,2,5.0,1.5
1543,Klas Molde,2,5.0,1.5
1544,L Moldes,3,4.8,3
1545,Francesca Molinari,24,4.0,3.4
1546,Alyosha Molnar,13,4.4,2.6
1547,Bruce Monger,74,4.7,1.9
1548,Jonathan Monroe,9,4.4,3.4
1549,Lauren Monroe,10,4.8,2
1550,Christopher Monroe,21,3.9,2.3
1551,Francesco Monticone,26,5.0,3.3
1552,carl moon,0,0.0,0
1553,Alex Moore,5,4.0,2.2
1554,Justin Moore,9,4.0,3.5
1555,Virginia Moore,1,1.0,3.6
1556,Liron Mor,5,4.0,3.4
1557,Emanuel Mora,1,5.0,4
1558,Steve Morgan,19,3.8,2.6
1559,Robert Morgan,0,0.0,0
1560,Atieh Moridi,0,0.0,3
1561,James Morin,5,2.8,3
1562,Stephen Morreale,1,5.0,2
1563,Mark Morris,4,4.9,2.8
1564,Jeanne Moseley,11,3.2,2.5
1565,Roger Moseley,7,4.7,2.8
1566,Jeffrey Moses,1,3.0,1
1567,Pamela Moulton,7,4.5,3.8
1568,Roy Moyal,1,5.0,2
1569,Kenneth Mudge,4,2.9,2.3
1570,Erich Mueller,21,3.0,3.4
1571,Ahmed Muhamed,1,4.0,2
1572,Curran Muhlberger,6,2.7,4.3
1573,Subrata Mukherjee,5,1.9,3.8
1574,Sreemati Mukherjee,6,4.0,2.2
1575,Vince Mulcahy,12,3.7,2.5
1576,Nicholas Mulder,1,5.0,1.5
1577,David Muller,3,3.5,3
1578,Lucia Munguia,8,4.7,3.7
1579,Justin Murfin,0,0.0,0
1580,Timothy Murray,8,2.4,2.5
1581,Sarah Murray,5,4.8,2.8
1582,Martin Murtagh,0,0.0,0
1583,Camil Muscalu,18,2.8,3.2
1584,Donna Muscarella,6,4.4,2
1585,Kelly Musick,4,4.2,2.5
1586,jordan musser,1,1.0,3
1587,Andrew Musser,27,2.0,4.4
1588,Stephen Mutkoski,6,3.4,3.2
1589,Andrew Myers,17,4.3,4.3
1590,Paul Nadasdy,0,0.0,0
1591,Alex Nading,0,0.0,0
1592,Tejasvi Nagaraja,1,4.0,2.9
1593,John Najemy,14,3.9,3.2
1594,Samuel Nam,2,5.0,3.5
1595,Abdul Nanji,2,3.0,2.5
1596,Nils Napp,5,1.6,2.8
1597,Rajendran Narayanan,4,4.0,3.8
1598,Jess Nardulli,20,4.8,2.1
1599,June Nasrallah,2,4.0,4
1600,Traci Nathans-Kelly,1,2.0,2.4
1601,Muna Ndulo,6,4.9,3.5
1602,Victor Nee,13,3.6,2.4
1603,Ryan Nehring,2,5.0,2
1604,Mark Nelson,2,5.0,2
1605,Sam Nelson,29,4.5,1.8
1606,Rebecca Nelson,4,2.0,3.5
1607,Debra Nero,54,3.9,4.2
1608,Anil Nerode,25,2.3,2.1
1609,Natalie Nesvaderani,3,5.0,2.7
1610,Anil Netravali,3,5.0,2.7
1611,Eran Nevo,4,3.0,3.8
1612,Amy Newman,8,3.0,3.5
1613,Robert Newman,1,1.0,3
1614,James Newton,0,0.0,0
1615,Jason Newton,12,3.0,3.1
1616,Siu-Hung (Richard) Ng,4,1.3,4.5
1617,David Ng,0,0.0,0
1618,Mukoma Ngugi,1,5.0,4
1619,Lena Nguyen,5,4.6,2
1620,Blake Nguyen,3,5.0,2.5
1621,Karl Nichols,0,0.0,0
1622,Charles Nicholson,2,2.8,4.5
1623,Phillip Nicholson,3,4.3,3.7
1624,Linda Nicholson,7,4.4,4
1625,Sean Nicholson,20,4.5,2.5
1626,Nick Nickitas,2,3.0,1
1627,Jeff Niederdeppe,3,5.0,2.7
1628,Michael Niemack,5,4.6,3.8
1629,Karl Niklas,44,4.7,2.5
1630,Plamen Nikolov,7,4.1,3.3
1631,Kristoffer Nimark,5,2.6,2.4
1632,Yang Ning,11,4.9,3.1
1633,Lisa Nishii,18,4.0,2.3
1634,Kaori Nishikino,0,0.0,0
1635,Helen Nivison,6,4.4,4
1636,Jon Njardarson,20,3.3,3.5
1637,J. Njaroarson,3,4.3,4
1638,Drew Noden,8,3.8,4.1
1639,Jimmy Noriega,33,4.6,3.3
1640,Gregory Norkus,3,4.3,2.3
1641,Jill North,5,3.7,3.4
1642,Mary Beth Norton,11,3.2,4.3
1643,Alan Nussbaum,2,4.5,2.5
1644,Michael Nussbaum,20,2.0,3.6
1645,Jan Nyrop,4,4.8,1
1646,Kimberly O''Brien,0,0.0,0
1647,Thomas O''Rourke,0,0.0,0
1648,Kimberly O'Brien,20,3.0,2.9
1649,Kyle O'Conner,1,5.0,2
1650,Ted O'Donoghue,28,4.6,3.3
1651,Ralph Obendorf,4,3.2,2.8
1652,Christopher Ober,10,2.3,2.6
1653,Emilio Ocampo Eibenschutz,1,5.0,4
1654,Jonathan Ochshorn,1,5.0,2
1655,Reginald Odato,0,0.0,5
1656,Peggy Odom-Reed,13,1.3,4.6
1657,Shambhu Oja,8,4.9,2.6
1658,Bethany Ojalehto,0,0.0,0
1659,Amaechi Okigbo,10,2.2,3.9
1660,William Olbricht,2,3.5,2.5
1661,Jurandir oliveira,12,3.7,1.2
1662,Porus Olpadwala,11,2.3,4.5
1663,Mona Olsen,1,4.0,1
1664,Chijioke Onah,0,0.0,0
1665,Anthony Ong,11,4.9,3.2
1666,Alexander Ophir,2,4.5,2.5
1667,Samanta Ordonez,2,3.0,3
1668,Sidney Orlov,43,1.6,4.6
1669,David Orr,1,5.0,3
1670,Alicia Orta-Ramirez,4,2.6,3.3
1671,Carl Ostendarp,22,2.8,4.2
1672,Christian Otto,4,4.6,3.3
1673,Steven Otto,0,0.0,0
1674,Arthur Ovaska,12,3.8,3.2
1675,Kim Overby,3,4.3,2.3
1676,James Overhiser,1,4.0,1
1677,Kadhim Owayez,6,5.0,3.2
1678,Thomas Owens,149,2.7,4.4
1679,Emily Owens,10,2.8,4.1
1680,Stephanie Owens,10,3.0,3.5
1681,Marie Ozanne,1,4.0,2
1682,Kevin Packard,36,2.3,4
1683,Hasan Padamsee,15,3.9,1.9
1684,Greg Page,8,3.9,2.9
1685,Jaqueline Pak,8,1.3,3
1686,Steven Paling,2,1.5,1.5
1687,Eyvindur Palsson,2,4.8,3
1688,An-Yi Pan,14,1.8,2.9
1689,Alex Papanicolopoulos,8,4.9,3.6
1690,Anna Paparcone,8,4.3,2.1
1691,Slava Paperno,17,4.4,3.3
1692,Francesca Parise,2,3.0,4
1693,Travis Park,5,3.1,2.4
1694,Maria Park,2,4.5,2
1695,Jiwoong Park,1,4.0,4
1696,Huiju Park,1,4.0,2
1697,Didi Park,2,4.0,1.5
1698,Robert Parker,5,3.4,3
1699,Jon Parmenter,22,4.0,3.4
1700,Jeevak Parpia,15,2.5,3.7
1701,Pilar Parra,11,4.3,2
1702,Andrea Parrot,17,2.8,3.3
1703,Matthew Paskell,1,4.0,3
1704,Rafael Pass,5,4.8,1.8
1705,Matthew Paszek,1,3.5,2
1706,Nirav Patel,19,4.7,3.1
1707,David Patel,7,4.6,2.7
1708,Lorraine Paterson,10,4.7,2.3
1709,Lisa Patti,1,5.0,1
1710,Thomas Patton,1,4.5,3
1711,Dustin Paul,3,4.7,1.3
1712,Michael Paz,1,5.0,3
1713,Michael Paz,1,5.0,3
1714,Edmundo Paz-Soldan,6,4.2,2.7
1715,Lisa Pearo,6,3.4,3.2
1716,Mason Peck,7,3.6,2.6
1717,David Peck,0,0.0,0
1718,Irena Peeva,6,4.0,3.8
1719,David Pelletier,4,2.9,3
1720,Hayden Pelliccia,7,4.2,4.6
1721,Aaron Pelttari,1,5.0,2
1722,Jamol Pender,8,3.1,4.1
1723,Angeline Pendergrass,0,0.0,0
1724,Tess Pendergrast,8,5.0,1.8
1725,Richard Penner,4,5.0,5
1726,Sydney Penner,2,4.8,2
1727,Thomas Pepinsky,11,4.7,3.3
1728,Judith Peraino,15,4.3,2.5
1729,Derk Pereboom,14,4.8,2.2
1730,Maxim Perelstein,15,4.3,3.5
1731,Pedro Perez,127,2.6,2.8
1732,Seth Perlow,0,0.0,0
1733,Debra Perosio,0,0.0,0
1734,Debra Perosio,0,0.0,0
1735,Emma Perry,4,3.9,1.8
1736,Jamie Perry,0,0.0,0
1737,Jeffrey Perry,10,3.7,2.8
1738,Poul Petersen,1,3.0,2
1739,Kirstin Petersen,2,5.0,1.5
1740,Petru Petrina,43,3.8,2.4
1741,Jason Phipps-Morgan,3,4.5,1
1742,Leigh Phoenix,22,2.9,3
1743,Stuart Phoenix,3,1.3,2.7
1744,Benjamin Piekut,5,3.9,2.2
1745,John Pike,2,4.5,3.5
1746,Viju Pillai,5,5.0,4
1747,Lisa Pincus,5,3.6,2.4
1748,Simone Pinet,73,1.8,3.5
1749,Prabhu Pingali,1,2.0,1
1750,Steve Pinkerton,1,5.0,2
1751,Karen Pinkus,4,2.2,3.5
1752,Judith Piotrkowski,2,5.0,3.5
1753,Ana Pires,9,3.9,3
1754,Ekaterina Pirozhenko,2,4.5,3
1755,Clayton Pityk,1,3.0,2
1756,David Pizarro,70,4.3,2.3
1757,Verity Platt,0,0.0,0
1758,Sharon Poczter,12,3.2,3.2
1759,Greg Poe,13,3.0,2.6
1760,Carl Poitras,38,4.2,3.5
1761,Richard Polenberg,27,4.4,2.4
1762,Lois Pollack,16,3.0,3.1
1763,Nancy Pollak,17,4.2,2.2
1764,Chris Pollock,1,5.0,4
1765,Clifford Pollock,9,4.3,3.2
1766,Steve Pond,18,4.8,1.7
1767,Norman Porticella,9,2.5,2.4
1768,Juliana Rangel Posada,2,3.5,4
1769,Simon Posner,0,0.0,0
1770,Uri Possen,9,3.5,2.7
1771,Gordon Potter,8,3.0,2.8
1772,Sarah Powers,2,4.8,3.5
1773,David Powers,26,3.3,3.1
1774,Eswar Prasad,3,4.2,4
1775,Rachel Prentice,12,2.7,3.7
1776,Adam Price,0,0.0,0
1777,Michael Prior,6,5.0,3.7
1778,Sara Pritchard,7,3.5,3.1
1779,Marvin Pritts,4,5.0,1.2
1780,Philip Protter,15,3.5,2.7
1781,Devon Proudfoot,5,4.6,2.2
1782,Will Provine,21,4.1,3
1783,Victoria Prowse,1,3.0,1
1784,Sara Pryor,2,5.0,4
1785,Mark Psiaki,7,4.1,4.9
1786,Pietro Pucci,11,3.3,2.9
1787,Antonio Pugliese,1,3.0,4
1788,David Putnam,1,3.5,2
1789,Ling QI,13,3.9,4.2
1790,Shu-Bing Qian,8,3.0,3.6
1791,Kunyuan Qiao,1,4.0,2
1792,Andrew Quagliata,3,2.3,4
1793,Daniel Quan,10,2.8,4.3
1794,Andrea Quaroni,9,4.2,2.6
1795,Kevin Quin,1,5.0,3
1796,Ernesto Quinonez,6,4.3,1.7
1797,Susan Quirk,3,3.7,3.6
1798,Jennifer Rabedeau,1,4.0,3
1799,Jeffrey Rachlinski,7,4.7,3.9
1800,Anita Racine,8,4.6,4.3
1801,Dana Radcliffe,2,2.8,4
1802,Stanka Radovic,4,4.9,3.3
1803,Remus Radu,1,4.0,2
1804,Zahid Rafiq,0,0.0,0
1805,Robert Raguso,5,4.5,3.4
1806,Natasha Raheja,3,2.3,3.3
1807,Jay Rakow,0,0.0,0
1808,Dan Ralph,1,5.0,3
1809,Ravi Ramakrishna,32,4.7,3.9
1810,Kandukuri Venkat Raman,2,5.0,3
1811,Lucinda Ramberg,6,3.7,3.2
1812,Nandini Ramesh-Sankar,1,1.5,4
1813,Brad Ramshaw,2,5.0,3
1814,Aziz Rana,1,5.0,2.8
1815,Farhan Rana,26,4.6,4.6
1816,Richard Rand,23,4.1,2.7
1817,Christine Ranney,6,1.9,1.8
1818,Olena Rarytska,2,3.0,3.5
1819,Masha Raskolnikov,40,3.6,3.2
1820,Kathleen Rasmussen,2,3.5,3
1821,Jessica Ratcliff,2,1.5,2.4
1822,Jennifer Ray,2,4.8,1
1823,Annalisa Raymer,2,2.0,3
1824,Linda Rayor,14,4.0,2.4
1825,Kenneth Reardon,11,4.8,2.5
1826,Eric Rebillard,24,2.3,3.4
1827,Geoffrey Recktenwald,20,4.8,3.1
1828,Amanda Recupero,1,5.0,2
1829,Mary Kay Redmond,24,4.3,2.7
1830,Anthony Reed,1,2.0,3
1831,Andrew Reed,1,3.0,4
1832,Robert Reed,1,3.0,3
1833,Krystia Reed,0,0.0,0
1834,Alex Rees-Jones,1,1.0,5
1835,Kern Reeve,12,4.8,2.7
1836,Anthony Reeves,10,3.0,3.4
1837,Joe Regenstein,9,1.4,2
1838,Matthew Reid,1,5.0,1
1839,Danielle Reid,1,4.0,1
1840,Jasmine Reid,1,5.0,3
1841,Jonathan Reinhardt,8,5.0,3.6
1842,Cynthia Reinhart-King,2,4.5,3
1843,James Renegar,22,3.4,3.7
1844,Sidney Resnick,28,2.0,4.2
1845,Adriana Reyes,1,4.0,2
1846,William Reyes-Cubides,30,4.8,3.6
1847,Valerie Reyna,0,0.0,0
1848,Jacqueline Reynoso,5,3.6,3.2
1849,Alice Rhee,4,4.8,2
1850,Emily Rials,2,5.0,3
1851,Peter Rich,11,3.5,3.3
1852,Brian Richards,1,5.0,1
1853,Annette Richards,4,5.0,2
1854,Betty Richardson,7,2.0,4.3
1855,Richã© Richardson,0,0.0,0
1856,Henry Richardson,0,0.0,0
1857,Troy Richardson,5,2.2,3.2
1858,Ruth Richardson,11,4.2,2.6
1859,Riché Richardson,2,4.5,2.5
1860,Jolene Rickard,10,3.5,3.3
1861,Bradley Rickard,0,0.0,3
1862,Russell Rickford,3,4.3,2.5
1863,Chris Riddell,5,3.5,2.8
1864,Dominik Riechers,1,4.0,2
1865,Evan Riehl,5,4.4,2.8
1866,Susan Riha,0,0.0,0
1867,Timothy Riley,0,0.0,0
1868,Tim Riley,4,4.0,2.8
1869,Marquise Riley,7,5.0,2.7
1870,Ben Rissing,16,5.0,2.5
1871,Hadas Ritz,32,3.7,3.5
1872,John Robbins,3,4.8,2.3
1873,Camille Robcis,1,4.0,3
1874,Kenneth Roberts,8,4.2,3
1875,Clifford Roberts,2,4.8,2.5
1876,Dave Roberts,6,5.0,2.5
1877,Steven Robertson,2,4.5,3.5
1878,X Robertson,2,5.0,2
1879,Cynthia Robinson,2,3.5,3
1880,Richard Robinson,4,1.5,3.2
1881,Ewan Robinson,1,2.0,5
1882,Stephani Robson,20,4.2,3.7
1883,Courtney Roby,4,3.3,2.9
1884,Cara Rock-Singer,0,0.0,0
1885,Aaron Rock-Singer,3,4.3,4
1886,Paul Rodewald,0,0.0,0
1887,Will Rodgers,2,2.8,2
1888,Jose Maria Rodriguez-Garcia,21,4.9,3.2
1889,Kristin Roebuck,6,4.0,3.4
1890,Sean Rogers,7,4.7,1.9
1891,Dehanza Rogers,0,0.0,0
1892,Marcela Romero Rivera,1,3.0,2
1893,Noliwe Rooks,1,1.0,2
1894,Mats Rooth,3,2.1,3.3
1895,Félix Rosario Ortiz,3,5.0,3.3
1896,Bryn Rosenfeld,2,5.0,4
1897,Saul Rosenthal,1,4.0,3
1898,Douglas Ross,8,4.2,3.6
1899,Judy Ross-Bernstein,4,3.0,3.8
1900,Faust Rossi,6,4.8,4
1901,Margaret Rossiter,3,4.2,1.3
1902,Arina Rotaru,8,3.1,2.9
1903,Nick Roth,2,4.8,2
1904,Ken Rother,0,0.0,0
1905,Jeannine Routier-Pucci,9,4.7,3.2
1906,Eric Rowe,3,4.8,2
1907,Diane Rubenstein,5,3.9,2.4
1908,Daniel Rubin,0,0.0,0
1909,Brian Rubineau,25,2.4,3.5
1910,Ivan Rudik,0,0.0,2
1911,Andrew Ruina,58,2.9,3.5
1912,Antonia Ruppel,10,4.3,2.5
1913,David Ruppert,5,2.3,3
1914,Bruce Rusk,7,4.0,3.3
1915,Paat Rusmevichientong,3,5.0,2
1916,Nerissa Russell,1,4.0,2
1917,Jonathan Russell-Anelli,6,4.0,3
1918,Toni Russo,22,2.8,2
1919,Joseph Russo,0,0.0,0
1920,Jeffrey Rusten,9,4.3,1.8
1921,Thomas Ruttledge,145,3.5,3.9
1922,Matthew Ryan,1,4.0,2
1923,Matt Ryan,2,3.5,2
1924,Gideon Saar,4,2.2,3
1925,Mert Sabuncu,2,4.0,2.5
1926,Neil Saccamano,13,4.5,3.5
1927,Tyson Sacco,26,3.6,3.9
1928,Aaron Sachs,17,3.8,3.4
1929,Wolfgang Sachse,44,2.1,3.8
1930,Gavin Sacks,0,0.0,0
1931,Ahren Sadoff,21,2.5,3.4
1932,Carl Sagan,5,5.0,1
1933,David Sahn,0,0.0,0
1934,Mridusmita Saikia,3,2.7,3.7
1935,Andrew Sale,1,5.0,2
1936,Matthew Saleh,24,4.7,2.8
1937,Laurent Saloff-Coste,16,2.6,3.6
1938,Nick Salvato,6,4.7,3.3
1939,Nick Salvatore,51,2.7,4.3
1940,Gennady Samorodnitsky,29,3.3,3.5
1941,Adrian Sampson,2,4.5,3.4
1942,Shirley Samuels,6,5.0,3.8
1943,Arturo Sanchez,6,3.8,3.2
1944,Elizabeth Sanders,20,2.8,3.2
1945,Nicholas Sanders,30,4.4,2.5
1946,John Sanderson,4,4.3,2.5
1947,Jessica Sands,0,0.0,0
1948,Steven Sangren,8,3.1,2.9
1949,Paromita Sanyal,1,2.0,2
1950,Robert Sarachan,9,3.1,2.7
1951,Mark Sarvary,30,3.6,1.6
1952,Mark Sarvary,30,3.6,1.6
1953,Sharon Sassler,47,1.8,4.3
1954,Stephen Sauer,0,0.0,2
1955,Maria Savella,1,4.0,3
1956,Dmitry Savransky,5,3.3,4.4
1957,Paul Sawyer,12,3.8,2.4
1958,Ashutosh Saxena,17,2.1,4.2
1959,Anna Scaglione,11,2.8,2.8
1960,Michael Scanlon,10,4.1,2.8
1961,Daniel Schade,1,4.0,2
1962,Chris Schaffer,10,3.2,3
1963,Frans Schalekamp,0,0.0,3
1964,Nava Scharf,19,4.3,2.3
1965,Al Schatz,10,3.6,2.2
1966,Katya Scheinberg,4,2.3,3.3
1967,Christine Schelhas-Miller,29,3.6,2
1968,Jens Schellhammer,7,3.3,3
1969,Lauren Schenkman,1,4.0,2
1970,Clifford Scherer,25,3.9,2.6
1971,Brenda Schertz,1,5.0,3
1972,John Schimenti,5,4.2,3.8
1973,Erik Schmidt,2,4.5,2.5
1974,Stephan Schmidt,47,2.7,3.4
1975,Todd Schmit,3,4.8,2.3
1976,Casey Schmitt,0,0.0,0
1977,Brock Schmutzler,15,1.5,4.4
1978,Landon Schnabel,2,4.5,1.8
1979,Fred Schneider,17,2.6,3.3
1980,David Schneider,6,1.8,2.3
1981,Rebecca  Schneider ,1,4.5,2
1982,Henry Schnieder,1,5.0,1
1983,Dawn Schrader,14,3.1,2.7
1984,Frank Schroeder,3,2.5,4
1985,Jonathon Schuldt,5,4.8,2.6
1986,Richard Schuler,29,2.2,3
1987,Bill Schulze,29,3.4,1.7
1988,Jennifer Schwade,15,3.5,2.5
1989,Steve Schwager,11,2.9,3.5
1990,David Schwartz,52,3.1,3.3
1991,Daniel Schwarz,14,4.2,3.1
1992,Anette Schwarz,8,4.8,2.6
1993,Norm Scott,1,4.0,1
1994,Jeffrey Scott,1,5.0,2
1995,Daniela Scur,1,4.0,4
1996,Kevin Seaman,0,0.0,0
1997,Jeremy Searle,3,4.7,2.3
1998,Matthew Sears,1,5.0,2
1999,Thomas Seeley,11,4.4,2.6
2000,Harry Segal,79,4.2,2.4
2001,Rebecca Seguin,3,4.0,2
2002,Kathy Selby,11,4.9,2.3
2003,Stefano Selenu,1,4.0,2
2004,Jim Self,6,4.5,2.5
2005,Bart Selman,17,2.1,2.5
2006,Vimal Selvaraj,35,3.0,4.4
2007,Shankar Sen,24,2.8,3.1
2008,Phoebe Sengers,9,4.0,2.4
2009,Sarah Senk,7,5.0,3.1
2010,Victor Seow,0,0.0,0
2011,Anuk (pin) Serechetapongse,1,5.0,4
2012,Suman Seth,13,4.7,3.8
2013,Neelam Sethi,19,2.4,3.6
2014,Charles Seyler,7,4.8,3
2015,Margaret Shackell-Dowell,3,2.7,2.7
2016,Reza Shahbazi,3,4.5,3.3
2017,Abdel-Fattah Shahda,0,0.0,0
2018,Shelby Shankel,0,0.0,0
2019,Wenteng Shao,2,4.8,4
2020,Mike Shapiro,12,2.7,2.8
2021,Gavriel Shapiro,6,3.0,3
2022,Jim Shapleigh,5,3.6,2.6
2023,James Shapleigh,2,3.5,3.5
2024,Rahul Sharma,1,3.0,3
2025,Harry Shaw,10,3.8,2.3
2026,Kerry Shaw,3,3.2,2
2027,Alison Shea,1,5.0,2
2028,James Shealy,22,3.6,4.2
2029,Martin Shefter,17,2.5,2.4
2030,Jens Shelhammer,2,3.2,3
2031,Karl Shell,1,5.0,4
2032,Xiling Shen,0,0.0,0
2033,Kyle Shen,33,4.8,3.9
2034,Annie Sheng,1,5.0,3
2035,Robert  Shepherd,5,4.7,2.6
2036,Samir Sherali,1,5.0,3
2037,Marty Sherman,0,0.0,0
2038,Emily Sherwin,1,2.0,4
2039,Elaine Shi,3,3.2,3.3
2040,Linda Shi,0,0.0,0
2041,Michael Shin,10,2.6,2.8
2042,David Shmoys,9,4.1,3
2043,Christine Shoemaker,6,2.4,3.2
2044,Shalom Shoer,41,4.7,2.7
2045,Farbod Shokrieh,22,4.2,3
2046,Richard Shore,4,3.5,4.3
2047,Tianyi Shou,0,0.0,0
2048,Suzanne Shu,6,3.7,3.1
2049,Gennady Shvets,4,3.5,4.3
2050,Ted Sider,6,4.6,2.2
2051,Sandra Siegel,11,1.1,4.7
2052,Elke Siegel,3,5.0,1.3
2053,Nora Siena,1,5.0,3
2054,Juan Sierra,5,3.0,4
2055,Albert Sievers,6,2.9,3.8
2056,Meredith Silberstein,19,1.9,3.9
2057,Niko Silins,9,3.6,3.2
2058,Deborah Sills,0,0.0,0
2059,Thomas Silva,24,4.8,2.1
2060,Andrea Simitch,20,2.8,4.2
2061,Daniel Simon,14,1.7,3.9
2062,Michael Simons,3,3.5,3
2063,Tony Simons,10,2.1,3.6
2064,James Sinclair,7,4.7,3.9
2065,Wesley Sine,3,5.0,1.3
2066,Andrej Singer,1,5.0,3
2067,Kavita Singh,3,3.8,2.3
2068,Sujata Singh,9,3.3,3
2069,John Sipple,18,3.2,3.5
2070,Emin Gun Sirer,26,3.7,3.7
2071,Reyer Sjamaar,21,4.0,3.7
2072,Joseph Skovira,3,5.0,1.7
2073,Vince Slaugh,2,5.0,2.5
2074,Vincent Slaugh,0,0.0,0
2075,Rebecca Slayton,3,5.0,2.5
2076,Greg Sloan,4,3.0,3.3
2077,Meredith Small,17,3.6,2.8
2078,Anna Marie Smith,8,4.1,3.6
2079,Gary Smith,1,4.0,3
2080,Jared Smith,3,4.0,4.3
2081,Sasha Smith,1,2.0,4
2082,Michelle Smith,1,5.0,3
2083,Adam Smith,3,3.7,3
2084,Robert Smith,21,4.3,2.7
2085,Melissa Smith,20,4.5,3.1
2086,David Smith,14,4.5,3.1
2087,Noah Snavely,4,4.4,2
2088,Amanda Snellinger,2,4.2,4
2089,John Paul Sniadecki,4,4.8,4
2090,Craig Snow,34,4.0,4.7
2091,David Snyder,3,4.8,3.3
2092,Jeffery Sobal,4,3.4,2
2093,Melanie Soberon,1,4.0,2
2094,Dotsevi Sogah,39,2.6,3.6
2095,Susanne Solomon,2,3.8,2.5
2096,Paul Soloway,0,0.0,2
2097,Meejeong Song,3,5.0,2
2098,Bill Sonnenstuhl,9,4.3,1.6
2099,Nicholas Soodik,6,4.9,2.8
2100,Tim Sorg,4,5.0,2.3
2101,Scott Sorrell,0,0.0,0
2102,Philippe Sosoe,3,3.7,3.7
2103,Natalie Yasmin Soto,1,4.5,3
2104,Libby Southgate,1,4.0,3
2105,Thomas Sowell,0,0.0,0
2106,Roger Spanswick,1,5.0,3
2107,Christine Sparfel,21,4.7,2.8
2108,Michael Sparhuber,1,5.0,3
2109,Birgit Speh,20,2.0,3.4
2110,Michael Spencer,9,2.3,4.3
2111,Rupert Spies,2,2.2,4
2112,James Spinazzola,1,2.0,2
2113,Stephen Spinelli,1,5.0,3
2114,Michael Spivey,25,3.8,2.5
2115,R. Nathan Spreng,5,3.4,3.6
2116,Abigail Sprenkle,0,0.0,1
2117,Daryl Spurlock,0,0.0,0
2118,Steven Squyres,25,4.5,2.9
2119,Karthik Sridharan,9,2.0,4.5
2120,James Staap,0,0.0,0
2121,Gordon Stacey,12,4.0,3.5
2122,Sara Stamatiades,0,0.0,0
2123,Sean Stapleton,3,4.7,2.7
2124,Deborah Starr,6,3.4,1.8
2125,William Starr,7,4.2,1.8
2126,Jery R. Stedinger,13,3.7,3.2
2127,Richard Stedman,2,5.0,2.4
2128,Selenu Stefano,0,0.0,0
2129,Peter Stein,11,2.4,2.7
2130,Justin Steinberg,0,0.0,0
2131,Melanie Steiner,0,0.0,0
2132,Karin Sternberg,3,4.0,1.8
2133,Robert Sternberg,2,3.0,2
2134,Mary Stevens,1,5.0,4
2135,Harry Stewart,2,4.5,2.5
2136,Scott Stewart,4,5.0,4
2137,Tyrell Stewart-Harris,3,3.0,4
2138,Tom Stiadle,9,3.8,2.8
2139,Michael Stillman,43,4.6,2.8
2140,Matthew Stoltz,0,0.0,0
2141,Joerg Stoye,8,4.1,3.6
2142,David Strang,13,2.7,2.2
2143,Aoise Stratford,0,0.0,0
2144,Barry Strauss,31,4.6,3.1
2145,Kristen Streahle,26,4.3,3.1
2146,Paul Strebel,21,4.2,1.8
2147,Deborah Streeter,36,4.6,3.7
2148,Robert Strichartz,18,2.2,3.2
2149,Seth Strickland,2,4.0,4.8
2150,Steven Strogatz,48,4.7,2.9
2151,Steven Strogatze,0,0.0,0
2152,Abraham Stroock,5,3.2,3
2153,Christoph Studer,8,4.8,3.6
2154,Nick Sturgeon,24,3.6,2.8
2155,Michael Sturman,6,3.7,2.8
2156,Byron Suber,8,3.3,3.4
2157,"Gookwon ""Edward"" Suh",14,3.0,3.4
2158,Robert Sukle,14,3.5,3.6
2159,Patrick Sullivan,23,3.5,1.9
2160,Joseph Sullivan,2,4.5,2
2161,Wen Sun,1,5.0,4
2162,Jin Suntivich,0,0.0,0
2163,Hema Surendranathan,1,5.0,2
2164,Shalu Suri,0,0.0,0
2165,Alex Susskind,23,3.6,3.6
2166,Nate Sutter,1,4.0,4
2167,Christine Suwendy,1,4.5,2
2168,Misako Suzuki,11,4.8,3.1
2169,Khena Swallow,18,2.4,3.1
2170,Edward Swartz,5,4.0,3
2171,Richard Swedberg,19,4.3,2.1
2172,Szonja Szelényi,33,4.9,1.4
2173,Daniel Szpiro,0,0.0,2
2174,Mary Tabacchi,25,3.0,2.6
2175,John Taber,2,1.0,2.5
2176,Laura Tach,3,5.0,2.3
2177,Stan Taft,4,4.8,2
2178,Eric Tagliacozzo,30,4.8,2.4
2179,Kei Fung (dennis) Tai,1,4.5,2
2180,Daima Taimina,4,2.5,3.5
2181,Olufemi Taiwo,1,4.0,3
2182,Meghnaa Tallapragada,1,4.0,2
2183,Danielle Tan,11,4.4,2.9
2184,Raluca Tanase,4,2.4,3.5
2185,Ao Tang,1,3.0,4
2186,Xiudi Tang,1,2.0,4
2187,Simone Tang,2,5.0,2.8
2188,Jim Tantillo,21,3.9,3.9
2189,Neil Tarallo,7,4.7,3.3
2190,Kasey Tarantino,1,1.0,1
2191,Eva Tardos,11,3.9,3.4
2192,Loren Tauer,11,3.8,3.6
2193,Erin Taylor,17,3.0,3
2194,Alan Taylor,0,0.0,0
2195,Samuel Taylor,0,0.0,0
2196,Keith Taylor,1,5.0,4
2197,Nicholas Taylor,2,5.0,2.8
2198,Nelson Tebbe,2,3.5,3
2199,Qiuyun Teng,7,4.2,3.4
2200,Jonathan Tenney,7,4.6,2.1
2201,Sharon Tennyson,11,3.8,2.3
2202,Robert Terrell,65,3.7,2.7
2203,Maria Terrell,125,3.0,3.7
2204,Yervant Terzian,3,3.8,2.3
2205,Brisa Teutli,16,4.3,3.3
2206,Anna Thalacker-Mercer,2,3.3,2.5
2207,Jennifer Thaler,3,2.7,2.7
2208,Felix Thoemmes,1,1.0,5
2209,Julia Thom-Levy,10,3.8,2.5
2210,Mallika Thomas,4,3.5,4
2211,Stephanie Thomas,67,2.8,3.3
2212,Brianna Thompson,1,4.0,4
2213,Michael Thompson,10,4.5,3.6
2214,Gary Thompson,14,2.1,4.4
2215,Nafissa Thompson-Spires,0,0.0,0
2216,Michael Thonney,2,3.0,2.5
2217,Robert Thorne,26,3.5,3.5
2218,Zhiting Tian,2,3.5,3.4
2219,Keith Tidball,14,4.6,3.2
2220,Mary Tierney,0,0.0,0
2221,Sam Tilsen,8,2.5,3.8
2222,Mike Timmons,5,4.0,2.2
2223,Ward Tingey,2,4.2,2
2224,Rafael Tinoco,1,4.5,3
2225,Damien Tissot,2,5.0,3.5
2226,John Tobin,2,3.5,2
2227,Kim Todt,2,1.0,2
2228,Pamela Tolbert,23,2.8,2.1
2229,Michael Tomlan,0,0.0,0
2230,Lang Tong,6,2.0,3.7
2231,Shawkat Toorawa,15,4.4,2.1
2232,Huseyin Topaloglu,8,4.8,2.8
2233,Thierry Torea,0,0.0,0
2234,Dan Torop,2,1.0,4.5
2235,Kenneth Torrance,9,3.2,2.9
2236,Brant Torres,4,4.5,2.8
2237,Alex Townsend,25,4.2,4
2238,Bruce Tracey,11,4.7,2.1
2239,Thuy Tranviet,6,3.2,3.5
2240,Leon Trataine,0,0.0,0
2241,Robert Travers,15,4.4,3.2
2242,Rodrigo Trevino,2,4.2,2.5
2243,Brandon Tripp,11,4.9,2.5
2244,Maxim Troshkin,15,4.0,2.2
2245,Leslie Trotter,10,2.9,3.1
2246,Immanuel Trummer,11,3.5,3.4
2247,Katherine Tschida,0,0.0,2
2248,Helen Tseng,3,4.7,1.3
2249,Viktoria Tsimberov,6,4.6,3
2250,Margarita Tsoutsoura,0,0.0,0
2251,Viktor Tsyrennikov,5,3.8,3.4
2252,Zhexiu Tu,1,5.0,2
2253,Scott Tucker,9,5.0,3.8
2254,S. Tun,4,2.9,3.5
2255,Bob Turgeon,39,2.8,3.6
2256,Bruce Turnbull,10,2.3,3.4
2257,Lowell Turner,31,4.0,2.4
2258,Cynthia Turner,7,4.6,3.7
2259,Mark Turnquist,2,4.5,2.5
2260,Alice Turski,1,1.0,3
2261,Lia Turtas,0,0.0,0
2262,Calum Turvey,6,1.8,4
2263,Bik Tye,27,2.0,3.4
2264,Henry Tye,10,3.2,3.9
2265,Madeleine Udell,8,1.6,4.1
2266,Audrey Ukhov,13,4.4,1.8
2267,"Christopher ""Kit"" Umbach",11,3.1,3.3
2268,Melike Unal,0,0.0,0
2269,Sinan Unur,22,3.0,2.6
2270,Norman Uphoff,0,0.0,0
2271,Chad Uran,1,4.0,4
2272,David Usher,34,3.5,3.1
2273,Jaret Vadera,1,4.0,3
2274,Richard Vale,6,4.7,3.5
2275,Francisco Valero Cuevas,3,2.3,1.3
2276,Marie-Claire Vallois,3,3.0,3.3
2277,Mike Van Amburgh,8,3.6,2.5
2278,Linda Van Buskirk,20,3.2,3.6
2279,Lyrae Van Clief-Stefanon,4,4.2,3.5
2280,Nicolas van de Walle,20,3.5,3
2281,Marjolein Van Der Meulen,12,2.8,3.4
2282,Robert Van Dover,13,4.2,2.7
2283,Harold van Es,2,4.5,3
2284,Cindy Van Es,76,4.0,2.9
2285,Charles Van Loan,27,3.1,3.6
2286,Astrid Van Oyen,4,5.0,2.1
2287,Robbert Van Renesse,6,3.3,3.3
2288,Marten van Schijndel,4,4.3,4.3
2289,Anke van Zuylen,8,4.4,4.1
2290,Justine Vanden Heuvel,1,2.0,2
2291,Justine Vanden Heuvel,1,2.0,2
2292,Robert Vanderlan,4,4.2,2.5
2293,Francis Vanek,1,3.0,3
2294,Francis Vanek,1,3.0,3
2295,Julian Varas,3,1.3,4
2296,Jeffrey Varner,6,3.8,2.3
2297,Jeanne Varney,6,2.0,2.2
2298,Aditya Vashistha,1,5.0,2
2299,Stephanie Vaughn,10,4.0,3.5
2300,Matthew Velasco,5,5.0,2.6
2301,Ramon Velazquez,1,3.5,3
2302,Nate Veldt,2,5.0,3
2303,Hector Velez-Guadalupe,5,4.4,2.2
2304,Paul Velleman,77,2.5,3.1
2305,Sophia Veltfort,3,5.0,2.7
2306,Robert Venables,22,3.3,1.4
2307,Mukund Vengalattore,12,4.5,3.7
2308,Adam Venom,1,5.0,4
2309,Claudia Verhoeven,12,4.5,3.5
2310,Rohit Verma,0,0.0,0
2311,Francoise Vermeylen,0,0.0,0
2312,Joseph Veverka,1,5.0,2
2313,Stephen Vider,1,5.0,2.5
2314,Sofia Villenas,2,5.0,2.8
2315,Lynne Vincent,2,5.0,2.5
2316,Helena Viramontes,7,4.8,1.9
2317,Alexander Vladimirsky,15,3.4,4.1
2318,Kathleen Vogel,13,3.5,3.2
2319,Volker Vogt,5,3.8,4.4
2320,Caleb Vogt,2,4.5,2.5
2321,Amy Voida,1,2.0,1
2322,Tom Volman,13,3.0,2.8
2323,Thomas Volman,3,3.7,3.3
2324,Yen Vu,1,5.0,5
2325,Hoang Vu,1,1.0,4
2326,Paul Wagner,9,4.5,2.1
2327,Aaron Wagner,7,5.0,4
2328,Lars Wahlbin,8,2.9,3.8
2329,Geoffrey Waite,26,4.0,2.9
2330,Geoffrey Waite,26,4.0,2.9
2331,Charles Walcott,39,4.1,3.4
2332,Jane Walcott,5,4.9,4.2
2333,Adam Walden,6,1.5,2.7
2334,Michael Waldman,0,0.0,0
2335,Colette Waldron,29,4.2,2.5
2336,Treven P Wall,6,2.2,4.5
2337,Jeremy Wallace,1,5.0,2
2338,Matthew Wallaert,2,5.0,3.5
2339,Katherine Wallas,0,0.0,0
2340,Maureen Waller,10,4.0,1.7
2341,Kate Walsh,7,4.6,2.9
2342,Marygold Walsh-Dilley,3,4.3,2.3
2343,Todd Walter,10,4.7,2.7
2344,Joe Walther,5,3.2,4
2345,Henry Wan,35,3.8,1.7
2346,Jane Wang,4,2.6,3.5
2347,Fei Fei Wang,2,3.0,4
2348,Andrew Wang,0,0.0,4
2349,Brian Wansink,6,3.8,3
2350,Melissa Warden,2,4.5,2.5
2351,Zellman Warhaft,6,2.8,3.7
2352,Val Warke,1,4.5,3
2353,Sara Warner,9,4.8,3.4
2354,Ding Xiang Warner,13,3.1,3.1
2355,Jonathan Warner,1,4.0,3
2356,Derek Warner,4,4.2,2.3
2357,Mildred Warner,9,2.3,3.8
2358,Margaret Washington,6,3.2,4.2
2359,Audrey Wasser,0,0.0,0
2360,Jacob Wasserstein,0,0.0,0
2361,Mariam Wassif,0,0.0,0
2362,Jill Watson,3,5.0,2.3
2363,Chekesha Watson,1,1.0,3
2364,Christopher Way,17,4.0,3.4
2365,Anna Waymack,0,0.0,0
2366,Randy Wayne,28,3.0,2.6
2367,Frank Wayno,4,4.4,2.8
2368,Hakim Weatherspoon,10,2.4,3.8
2369,Makda Weatherspoon,7,4.8,2.4
2370,Ben Weber,2,4.2,2
2371,Monroe Weber-Shirk,19,4.8,2.5
2372,James Webster,11,3.0,3.1
2373,Kim Weeden,26,4.3,2.8
2374,Jessica Weeks,5,4.8,3.2
2375,Marten Wegkamp,1,4.0,3
2376,Rachel Weil,31,3.0,3.8
2377,David Weinbaum,1,5.0,3
2378,Kilian Weinberger,43,3.4,2.7
2379,Allison Weiner,18,4.9,3.2
2380,Pamela Weisberg-Shapiro,3,3.0,2
2381,John Weiss,25,3.6,2.1
2382,Michael Weiss,15,4.3,2.5
2383,Michael Weiss,15,4.3,2.5
2384,Zoe Weiss,0,0.0,4
2385,Marina Welker,2,5.0,2.5
2386,Jay Wellman,10,4.8,2.8
2387,Marty Wells,11,3.1,3.2
2388,Jerry Wells,4,3.0,4
2389,Bradford Wellstead,11,1.8,3.5
2390,Sally Wen Mao,2,1.5,3
2391,Anke Wessels,4,4.1,2
2392,Chelsea Wessels,2,4.5,3.5
2393,Elizabeth Wesson,0,0.0,0
2394,David West,0,0.0,0
2395,Jim West,3,1.3,2
2396,James Westwater,1,4.0,2
2397,Elaine Wethington,14,2.9,2.3
2398,Gwyneth Whieldon,3,3.7,3.3
2399,Walker White,100,4.9,3.3
2400,Charles Whitehead,6,4.0,4
2401,Claire Whitenack,1,4.0,4
2402,Tom Whitlow,5,4.2,1.8
2403,John Whitman,11,4.5,2.6
2404,Andrew Whitmore,10,3.1,3.9
2405,Adam Wickenheiser,3,3.2,1.7
2406,Stephen Wicker,14,4.5,1.8
2407,Lisa Wickham,19,3.4,3.7
2408,Benjamin Widom,12,4.7,3.4
2409,Martin Wiedmann,0,0.0,0
2410,Ulrich Wiesner,7,2.5,3.4
2411,Matthew Wilkens,5,5.0,3.1
2412,Andrew Willford,13,3.5,2.4
2413,Linda Williams,2,2.5,3.5
2414,Jennifer Williams,0,0.0,0
2415,Michelle Williams,8,3.4,3.3
2416,Korey Williams,1,3.0,4
2417,Amy Williams,3,5.0,3.7
2418,Charles Williamson,28,4.4,2.7
2419,Jim Williamson,8,4.8,2.9
2420,David Williamson,9,5.0,2.8
2421,Oluwamayowa Willoughby,1,1.0,5
2422,Justin Wilson,9,4.1,3.6
2423,Andrew Wilson,0,0.0,0
2424,Steve Winans,17,4.1,2.8
2425,David Winkler,9,4.4,2.6
2426,Frank Wise,10,4.4,4
2427,Johannes Wissel,1,2.0,5
2428,Jennifer Wissink,274,3.3,3.8
2429,Peter Wissoker,0,0.0,0
2430,Peter Wittich,7,4.0,2.7
2431,Dan Wohns,3,4.5,3.7
2432,Peter Wolczanski,71,1.8,4.6
2433,Christopher Wolf,0,0.0,0
2434,Steve Wolf,10,3.2,3.1
2435,David Wolfe,1,2.0,2
2436,Maria Wolfe,0,0.0,0
2437,Alice Wolff,1,5.0,2
2438,Zachary Wolfson,2,5.0,1.5
2439,Yuna Won,2,3.8,3.5
2440,Andrea Won,5,3.6,3
2441,Shelley Wong,4,5.0,2
2442,Kayue Wong,3,4.3,3
2443,Marjorie Wood,12,3.8,2.5
2444,Dawn Woodard,5,2.3,4.2
2445,Joshua Woodard,0,0.0,0
2446,Kristina Workman,5,3.8,3.4
2447,Randy Worobo,1,5.0,3
2448,Dagmawi Woubshet,12,4.8,2.8
2449,Mingming WU,5,2.8,3.2
2450,Eugenia WU,0,0.0,0
2451,Peng Wu,5,2.6,3.2
2452,Mark Wysocki,36,4.1,3.3
2453,Chris Xu,14,4.0,3.9
2454,Hongye XU,0,0.0,0
2455,Xuewen Yan,2,3.0,2
2456,Guang Yang,5,3.9,2.8
2457,Bo Yang,2,3.0,3.5
2458,Xiaolong Yang,6,2.2,4
2459,Duanyi Yang,2,5.0,2.6
2460,Nathan Yang,6,3.7,2.1
2461,Joe Yavitt,20,4.2,1.8
2462,Shuai Ye,3,2.0,4
2463,Eric Yeung,0,0.0,0
2464,Scott Yonker,1,3.0,3
2465,So-Yeon Yoon,2,4.5,4.5
2466,Benjamin Yost,1,5.0,3
2467,Fengqi You,117,4.9,3.6
2468,Munther Younes,16,4.1,3.5
2469,Robert Young,4,3.6,5
2470,Patricia Young,3,4.0,3
2471,Cristobal Young,7,3.6,1.7
2472,Alan Young-Bryant,4,4.4,3.3
2473,Haiyuan YU,0,0.0,0
2474,Connie Yuan,10,1.7,3.7
2475,Nicholas Zabaras,52,4.0,4.1
2476,Ramin Zabih,18,3.5,3.1
2477,Samantha Zacher,11,4.6,3.4
2478,Dan Zaffran,9,3.9,3.1
2479,Inna Zakharevich,0,0.0,0
2480,Kelly Zamudio,6,4.2,3.3
2481,Joe Zappa,3,2.0,4.7
2482,Neal Zaslaw,10,4.0,2.9
2483,David Zax,92,1.8,3.8
2484,Vivian Zayas,39,3.5,4.1
2485,Draga Zec,1,3.5,3
2486,Alan Zehnder,10,4.1,2.6
2487,Dina Zemke,5,3.8,2
2488,Brianna Zgurich,0,0.0,0
2489,Zhiru Zhang,7,4.2,3
2490,Yunhao Zhang,1,5.0,3.9
2491,Cheng Zhang,1,1.0,5
2492,"Ke ""max"" Zhang",7,2.7,3.6
2493,Qing Zhao,1,5.0,3
2494,Iris Zheng,2,1.0,4.5
2495,Dennis Zhou,3,4.7,1.7
2496,Xin Zhou,1,2.0,2
2497,Tao Zhu,26,2.0,3.2
2498,Roseanna Zia,6,3.6,4.2
2499,Nicolas Ziebarth,3,4.2,2.7
2500,Malte Ziewitz,0,0.0,0
2501,Jolene Zigarovich,3,2.8,4
2502,Hubert Zimmerman,6,3.2,2.8
2503,John Zinda,4,1.8,3.9
2504,Stephen Zinder,2,3.2,3.5
2505,John Zissovicci,8,2.2,3.6
2506,Emily Zitek,10,4.1,2.6
2507,Thomas Zittel,1,3.0,2
2508,Sasa Zivkovic,2,2.5,4.5
2509,Jeffrey Zorn,6,4.5,3.2
2510,Brad Zukovic,1,4.0,1
2511,David Zywina,11,4.6,2.9
